,Customer ID,Age,Gender,Item Purchased,Category,Purchase Amount (USD),Location,Color,Season
0,1,55,Male,Blouse,Clothing,53,Kentucky,Gray,Winter
1,2,19,Male,Sweater,Clothing,64,Maine,Maroon,Winter
2,3,50,Male,Jeans,Clothing,73,Massachusetts,Maroon,Spring
3,4,21,Male,Sandals,Footwear,90,Rhode Island,Maroon,Spring
4,5,45,Male,Blouse,Clothing,49,Oregon,Turquoise,Spring
5,6,46,Male,Sneakers,Footwear,20,Wyoming,White,Summer
6,7,63,Male,Shirt,Clothing,85,Montana,Gray,Fall
7,8,27,Male,Shorts,Clothing,34,Louisiana,Charcoal,Winter
8,9,26,Male,Coat,Outerwear,97,West Virginia,Silver,Summer
9,10,57,Male,Handbag,Accessories,31,Missouri,Pink,Spring
10,11,53,Male,Shoes,Footwear,34,Arkansas,Purple,Fall
11,12,30,Male,Shorts,Clothing,68,Hawaii,Olive,Winter
12,13,61,Male,Coat,Outerwear,72,Delaware,Gold,Winter
13,14,65,Male,Dress,Clothing,51,New Hampshire,Violet,Spring
14,15,64,Male,Coat,Outerwear,53,New York,Teal,Winter
15,16,64,Male,Skirt,Clothing,81,Rhode Island,Teal,Winter
16,17,25,Male,Sunglasses,Accessories,36,Alabama,Gray,Spring
17,18,53,Male,Dress,Clothing,38,Mississippi,Lavender,Winter
18,19,52,Male,Sweater,Clothing,48,Montana,Black,Summer
19,20,66,Male,Pants,Clothing,90,Rhode Island,Green,Summer
20,21,21,Male,Pants,Clothing,51,Louisiana,Black,Winter
21,22,31,Male,Pants,Clothing,62,North Carolina,Charcoal,Winter
22,23,56,Male,Pants,Clothing,37,California,Peach,Summer
23,24,31,Male,Pants,Clothing,88,Oklahoma,White,Winter
24,25,18,Male,Jacket,Outerwear,22,Florida,Green,Fall
25,26,18,Male,Hoodie,Clothing,25,Texas,Silver,Summer
26,27,38,Male,Jewelry,Accessories,20,Nevada,Red,Spring
27,28,56,Male,Shorts,Clothing,56,Kentucky,Cyan,Summer
28,29,54,Male,Handbag,Accessories,94,North Carolina,Gray,Fall
29,30,31,Male,Dress,Clothing,48,Wyoming,Black,Fall
30,31,57,Male,Jewelry,Accessories,31,North Carolina,Black,Winter
31,32,33,Male,Dress,Clothing,79,West Virginia,Brown,Winter
32,33,36,Male,Jacket,Outerwear,67,Kansas,Silver,Summer
33,34,54,Male,Pants,Clothing,38,Colorado,Green,Summer
34,35,36,Male,T-shirt,Clothing,91,North Dakota,Violet,Spring
35,36,54,Male,Blouse,Clothing,33,Massachusetts,Cyan,Summer
36,37,35,Male,T-shirt,Clothing,69,Illinois,Maroon,Winter
37,38,35,Male,Jeans,Clothing,45,Indiana,Cyan,Summer
38,39,29,Male,Dress,Clothing,37,Florida,Red,Winter
39,40,70,Male,Pants,Clothing,60,Arizona,Turquoise,Summer
40,41,69,Male,Handbag,Accessories,76,Louisiana,Beige,Winter
41,42,67,Male,Scarf,Accessories,39,Alaska,Orange,Spring
42,43,20,Male,Coat,Outerwear,100,Tennessee,Beige,Spring
43,44,25,Male,Scarf,Accessories,69,Ohio,Lavender,Fall
44,45,39,Male,Hat,Accessories,53,Kentucky,Silver,Summer
45,46,50,Male,Socks,Clothing,21,Tennessee,Indigo,Fall
46,47,57,Male,Shirt,Clothing,43,California,White,Summer
47,48,55,Male,Jewelry,Accessories,54,Montana,Charcoal,Winter
48,49,42,Male,Shirt,Clothing,55,Nevada,Orange,Summer
49,50,68,Male,Hoodie,Clothing,30,New Jersey,Indigo,Spring
50,51,49,Male,Blouse,Clothing,28,Maryland,Red,Spring
51,52,59,Male,Skirt,Clothing,59,Vermont,Gray,Winter
52,53,42,Male,T-shirt,Clothing,20,Alaska,Green,Summer
53,54,29,Male,Skirt,Clothing,24,Mississippi,Peach,Winter
54,55,47,Male,Coat,Outerwear,94,New Mexico,Brown,Summer
55,56,40,Male,Jacket,Outerwear,28,South Carolina,Lavender,Winter
56,57,41,Male,Backpack,Accessories,73,Mississippi,Brown,Summer
57,58,21,Male,Coat,Outerwear,64,West Virginia,White,Summer
58,59,69,Male,Hoodie,Clothing,54,Missouri,Charcoal,Summer
59,60,63,Male,Belt,Accessories,79,Louisiana,Yellow,Spring
60,61,50,Male,Sweater,Clothing,37,Idaho,Brown,Summer
61,62,55,Male,Scarf,Accessories,68,Texas,Orange,Winter
62,63,30,Male,Sneakers,Footwear,21,Mississippi,Magenta,Spring
63,64,33,Male,Sunglasses,Accessories,79,Arizona,Lavender,Winter
64,65,65,Male,Boots,Footwear,83,Alabama,Green,Fall
65,66,65,Male,Backpack,Accessories,36,New Jersey,Purple,Spring
66,67,31,Male,Blouse,Clothing,94,Pennsylvania,Magenta,Winter
67,68,45,Male,Coat,Outerwear,33,Connecticut,Gray,Winter
68,69,57,Male,Handbag,Accessories,46,Utah,Silver,Summer
69,70,48,Male,Belt,Accessories,70,Tennessee,Cyan,Summer
70,71,22,Male,Belt,Accessories,29,Alabama,Magenta,Fall
71,72,36,Male,Dress,Clothing,48,Virginia,Gold,Summer
72,73,18,Male,Dress,Clothing,26,Georgia,Olive,Winter
73,74,48,Male,Pants,Clothing,85,Hawaii,Teal,Spring
74,75,49,Male,Gloves,Accessories,58,Indiana,Violet,Spring
75,76,64,Male,Scarf,Accessories,85,Utah,Blue,Summer
76,77,50,Male,Hat,Accessories,43,Delaware,Teal,Summer
77,78,22,Male,Dress,Clothing,53,Delaware,Gold,Summer
78,79,50,Male,Skirt,Clothing,91,Nebraska,Maroon,Spring
79,80,38,Male,Jacket,Outerwear,96,Iowa,Olive,Winter
80,81,19,Male,Sandals,Footwear,72,New York,Blue,Summer
81,82,67,Male,Shoes,Footwear,96,Virginia,Maroon,Summer
82,83,19,Male,Pants,Clothing,28,Georgia,Olive,Spring
83,84,36,Male,Dress,Clothing,40,Texas,Turquoise,Summer
84,85,52,Male,Coat,Outerwear,32,Arizona,Peach,Spring
85,86,53,Male,Sunglasses,Accessories,95,New Mexico,Charcoal,Winter
86,87,24,Male,Hoodie,Clothing,41,Nevada,Pink,Spring
87,88,52,Male,Shoes,Footwear,53,Ohio,Green,Fall
88,89,33,Male,T-shirt,Clothing,47,Wyoming,Orange,Fall
89,90,47,Male,Jacket,Outerwear,83,California,Pink,Fall
90,91,25,Male,Hat,Accessories,48,South Carolina,Violet,Summer
91,92,44,Male,Scarf,Accessories,99,South Carolina,Green,Winter
92,93,61,Male,Jacket,Outerwear,87,Texas,Olive,Winter
93,94,37,Male,Sweater,Clothing,62,Florida,Purple,Fall
94,95,58,Male,Skirt,Clothing,76,Nevada,Silver,Spring
95,96,37,Male,Sneakers,Footwear,100,Missouri,Pink,Fall
96,97,32,Male,Gloves,Accessories,73,Delaware,Gold,Spring
97,98,21,Male,Shoes,Footwear,92,Virginia,Teal,Winter
98,99,20,Male,Jeans,Clothing,67,New York,Teal,Spring
99,100,26,Male,Hoodie,Clothing,40,Missouri,Indigo,Summer
100,101,62,Male,Sunglasses,Accessories,98,South Dakota,Maroon,Fall
101,102,27,Male,Coat,Outerwear,85,North Dakota,White,Spring
102,103,51,Male,Socks,Clothing,67,Oklahoma,Violet,Winter
103,104,54,Male,Boots,Footwear,89,West Virginia,Red,Winter
104,105,55,Male,Sunglasses,Accessories,24,New Hampshire,Pink,Spring
105,106,69,Male,Backpack,Accessories,96,New York,Charcoal,Fall
106,107,64,Male,Jacket,Outerwear,35,Minnesota,White,Summer
107,108,28,Male,Sneakers,Footwear,67,Maryland,Olive,Winter
108,109,70,Male,Socks,Clothing,79,Montana,Purple,Spring
109,110,58,Male,T-shirt,Clothing,85,Alabama,Violet,Spring
110,111,56,Male,Backpack,Accessories,26,New York,Black,Summer
111,112,26,Male,Belt,Accessories,75,Massachusetts,Purple,Summer
112,113,37,Male,Gloves,Accessories,65,Florida,Red,Spring
113,114,44,Male,Hat,Accessories,54,New Jersey,Maroon,Winter
114,115,70,Male,Coat,Outerwear,95,Massachusetts,Blue,Summer
115,116,53,Male,Skirt,Clothing,94,Wyoming,Gray,Spring
116,117,55,Male,Shoes,Footwear,86,Virginia,Blue,Spring
117,118,50,Male,Sandals,Footwear,32,South Dakota,Yellow,Summer
118,119,50,Male,Sweater,Clothing,45,Kentucky,Orange,Fall
119,120,38,Male,Coat,Outerwear,76,Wyoming,Orange,Fall
120,121,64,Male,Hat,Accessories,84,West Virginia,Red,Summer
121,122,19,Male,Shorts,Clothing,72,Virginia,Olive,Winter
122,123,40,Male,Backpack,Accessories,40,Washington,Brown,Spring
123,124,57,Male,Sweater,Clothing,89,Louisiana,Brown,Fall
124,125,44,Male,Sweater,Clothing,86,Nevada,Gray,Spring
125,126,49,Male,Shorts,Clothing,54,California,Indigo,Winter
126,127,43,Male,Shorts,Clothing,36,Mississippi,Pink,Spring
127,128,24,Male,Sweater,Clothing,89,Mississippi,Gray,Winter
128,129,20,Male,Scarf,Accessories,32,California,Gold,Spring
129,130,24,Male,Dress,Clothing,67,Pennsylvania,Olive,Summer
130,131,44,Male,Scarf,Accessories,39,Kentucky,Violet,Fall
131,132,28,Male,Skirt,Clothing,29,Maine,Indigo,Summer
132,133,30,Male,Backpack,Accessories,58,New Mexico,Orange,Fall
133,134,52,Male,Sweater,Clothing,65,Montana,Violet,Winter
134,135,43,Male,Hat,Accessories,94,Texas,Gray,Fall
135,136,43,Male,Sandals,Footwear,81,Kansas,Purple,Fall
136,137,39,Male,Blouse,Clothing,86,South Carolina,White,Winter
137,138,68,Male,Sneakers,Footwear,43,Colorado,Turquoise,Spring
138,139,68,Male,Skirt,Clothing,29,Georgia,Maroon,Winter
139,140,49,Male,Coat,Outerwear,95,Florida,White,Fall
140,141,63,Male,Shirt,Clothing,28,North Carolina,Yellow,Fall
141,142,56,Male,Gloves,Accessories,46,Virginia,Turquoise,Fall
142,143,37,Male,Jacket,Outerwear,58,Nebraska,Violet,Fall
143,144,30,Male,Coat,Outerwear,48,Missouri,Beige,Fall
144,145,19,Male,Shoes,Footwear,43,New Jersey,Silver,Fall
145,146,24,Male,Jewelry,Accessories,95,Missouri,Teal,Fall
146,147,52,Male,Skirt,Clothing,30,Colorado,Black,Fall
147,148,63,Male,Shoes,Footwear,64,Idaho,Purple,Summer
148,149,37,Male,Gloves,Accessories,90,Wyoming,Gray,Fall
149,150,38,Male,Pants,Clothing,76,Delaware,White,Summer
150,151,35,Male,Boots,Footwear,96,California,Cyan,Fall
151,152,28,Male,Sunglasses,Accessories,47,North Dakota,Turquoise,Fall
152,153,30,Male,Shirt,Clothing,85,South Carolina,Brown,Summer
153,154,69,Male,Hoodie,Clothing,55,North Carolina,Maroon,Winter
154,155,41,Male,Dress,Clothing,98,Oklahoma,Charcoal,Fall
155,156,63,Male,Socks,Clothing,77,Maine,Olive,Spring
156,157,35,Male,Shorts,Clothing,26,Missouri,Lavender,Fall
157,158,36,Male,Hat,Accessories,68,Vermont,Yellow,Fall
158,159,25,Male,Shirt,Clothing,73,Connecticut,Teal,Fall
159,160,58,Male,Gloves,Accessories,27,New Hampshire,Charcoal,Fall
160,161,27,Male,Gloves,Accessories,23,Texas,Orange,Summer
161,162,65,Male,Backpack,Accessories,49,North Dakota,Olive,Fall
162,163,54,Male,Sunglasses,Accessories,74,California,Turquoise,Summer
163,164,54,Male,Skirt,Clothing,67,Virginia,Purple,Summer
164,165,59,Male,Handbag,Accessories,65,Delaware,Purple,Spring
165,166,42,Male,Handbag,Accessories,60,Kentucky,Yellow,Winter
166,167,46,Male,Sneakers,Footwear,31,Delaware,Indigo,Fall
167,168,33,Male,Gloves,Accessories,27,Arkansas,Green,Fall
168,169,34,Male,Shoes,Footwear,80,Louisiana,Magenta,Summer
169,170,27,Male,Jacket,Outerwear,30,Nevada,Gold,Summer
170,171,52,Male,Shirt,Clothing,25,Wyoming,Maroon,Fall
171,172,29,Male,Shorts,Clothing,35,Virginia,Blue,Summer
172,173,54,Male,Jewelry,Accessories,67,Nebraska,Violet,Summer
173,174,25,Male,Hat,Accessories,46,Hawaii,Turquoise,Fall
174,175,41,Male,Shoes,Footwear,35,Vermont,Brown,Winter
175,176,53,Male,Coat,Outerwear,86,Oklahoma,Violet,Fall
176,177,53,Male,Backpack,Accessories,81,New Hampshire,Black,Spring
177,178,21,Male,Hoodie,Clothing,42,Kansas,Magenta,Fall
178,179,61,Male,Skirt,Clothing,43,Idaho,Lavender,Fall
179,180,64,Male,Boots,Footwear,31,Illinois,Violet,Fall
180,181,51,Male,Sandals,Footwear,81,South Dakota,Green,Fall
181,182,32,Male,Pants,Clothing,61,Massachusetts,Beige,Summer
182,183,38,Male,Gloves,Accessories,96,Alabama,Purple,Summer
183,184,58,Male,Skirt,Clothing,29,Ohio,Beige,Spring
184,185,32,Male,Sneakers,Footwear,33,Hawaii,Cyan,Spring
185,186,46,Male,T-shirt,Clothing,32,Wisconsin,Silver,Summer
186,187,39,Male,Backpack,Accessories,56,Minnesota,Lavender,Summer
187,188,19,Male,Shoes,Footwear,94,Georgia,Purple,Spring
188,189,50,Male,Hoodie,Clothing,53,Arkansas,Pink,Spring
189,190,36,Male,Blouse,Clothing,82,West Virginia,Maroon,Fall
190,191,65,Male,Coat,Outerwear,70,Indiana,Beige,Fall
191,192,64,Male,Hat,Accessories,76,Utah,Gray,Fall
192,193,46,Male,Shoes,Footwear,29,Nebraska,Turquoise,Summer
193,194,36,Male,Belt,Accessories,100,North Dakota,Silver,Fall
194,195,51,Male,Backpack,Accessories,94,Missouri,Olive,Spring
195,196,51,Male,Jacket,Outerwear,25,New York,Magenta,Fall
196,197,38,Male,Boots,Footwear,88,Washington,Lavender,Summer
197,198,59,Male,Scarf,Accessories,78,South Carolina,Black,Fall
198,199,57,Male,Jewelry,Accessories,45,Utah,Turquoise,Winter
199,200,54,Male,Hat,Accessories,73,Idaho,Green,Summer
200,201,25,Male,Dress,Clothing,61,Pennsylvania,Teal,Summer
201,202,69,Male,Blouse,Clothing,22,Missouri,Beige,Fall
202,203,57,Male,Hat,Accessories,38,Nebraska,Magenta,Spring
203,204,70,Male,Scarf,Accessories,38,Indiana,Yellow,Fall
204,205,24,Male,Sneakers,Footwear,100,Arizona,Yellow,Fall
205,206,67,Male,Shirt,Clothing,64,Hawaii,Silver,Winter
206,207,24,Male,T-shirt,Clothing,55,Wisconsin,Silver,Summer
207,208,62,Male,Gloves,Accessories,91,Rhode Island,Silver,Summer
208,209,57,Male,Skirt,Clothing,38,Wisconsin,Gold,Spring
209,210,55,Male,Sandals,Footwear,97,Minnesota,Olive,Winter
210,211,45,Male,Jacket,Outerwear,22,Vermont,Teal,Fall
211,212,69,Male,Skirt,Clothing,92,South Dakota,Maroon,Fall
212,213,67,Male,Handbag,Accessories,84,Virginia,Blue,Fall
213,214,30,Male,Handbag,Accessories,93,Nevada,Peach,Fall
214,215,24,Male,Jacket,Outerwear,50,Hawaii,Blue,Summer
215,216,62,Male,Scarf,Accessories,64,New Jersey,Orange,Spring
216,217,43,Male,Shorts,Clothing,61,Massachusetts,Yellow,Spring
217,218,35,Male,Sunglasses,Accessories,48,Oklahoma,Purple,Winter
218,219,28,Male,T-shirt,Clothing,45,California,Magenta,Spring
219,220,32,Male,Belt,Accessories,88,Nevada,Cyan,Spring
220,221,39,Male,Sneakers,Footwear,57,Arizona,Indigo,Spring
221,222,28,Male,Hat,Accessories,68,North Carolina,Magenta,Summer
222,223,47,Male,Gloves,Accessories,94,New York,Gray,Spring
223,224,20,Male,Pants,Clothing,41,Wyoming,Turquoise,Spring
224,225,63,Male,Socks,Clothing,83,South Dakota,Beige,Summer
225,226,25,Male,Jacket,Outerwear,22,Arkansas,Olive,Spring
226,227,29,Male,Shoes,Footwear,74,Texas,Violet,Spring
227,228,50,Male,Jeans,Clothing,90,Rhode Island,Turquoise,Winter
228,229,18,Male,Socks,Clothing,79,New Hampshire,White,Spring
229,230,70,Male,Sandals,Footwear,28,Ohio,Silver,Spring
230,231,66,Male,Scarf,Accessories,88,Utah,Olive,Fall
231,232,28,Male,Blouse,Clothing,26,Tennessee,Blue,Spring
232,233,54,Male,Jewelry,Accessories,27,Hawaii,Purple,Winter
233,234,19,Male,Sweater,Clothing,83,Arizona,Yellow,Fall
234,235,20,Male,Gloves,Accessories,39,South Dakota,Silver,Summer
235,236,43,Male,Sunglasses,Accessories,89,New Jersey,Cyan,Winter
236,237,38,Male,Coat,Outerwear,68,North Dakota,Green,Winter
237,238,50,Male,Dress,Clothing,90,Iowa,Beige,Summer
238,239,64,Male,Skirt,Clothing,34,Ohio,Peach,Fall
239,240,49,Male,Pants,Clothing,51,Vermont,Yellow,Summer
240,241,47,Male,Sweater,Clothing,45,Montana,Turquoise,Winter
241,242,36,Male,Hoodie,Clothing,88,Delaware,Peach,Winter
242,243,55,Male,Coat,Outerwear,85,New York,Gray,Summer
243,244,25,Male,Jewelry,Accessories,100,Kentucky,Olive,Winter
244,245,53,Male,Belt,Accessories,42,Oregon,Indigo,Spring
245,246,49,Male,Sandals,Footwear,53,Rhode Island,Charcoal,Summer
246,247,35,Male,Sunglasses,Accessories,86,Nevada,Beige,Spring
247,248,29,Male,Sweater,Clothing,66,Montana,Brown,Spring
248,249,47,Male,Belt,Accessories,100,Pennsylvania,Blue,Winter
249,250,53,Male,Handbag,Accessories,47,Alaska,Teal,Fall
250,251,33,Male,Skirt,Clothing,25,Mississippi,Black,Fall
251,252,21,Male,Handbag,Accessories,51,Wyoming,Gold,Winter
252,253,32,Male,Shorts,Clothing,41,Delaware,Violet,Summer
253,254,52,Male,Boots,Footwear,73,Oklahoma,Cyan,Winter
254,255,67,Male,Sunglasses,Accessories,42,Indiana,White,Winter
255,256,43,Male,Scarf,Accessories,20,Maryland,Charcoal,Spring
256,257,58,Male,Jewelry,Accessories,30,South Dakota,Violet,Spring
257,258,20,Male,Handbag,Accessories,53,West Virginia,Red,Summer
258,259,61,Male,Gloves,Accessories,74,Alabama,Lavender,Spring
259,260,32,Male,Jeans,Clothing,57,Louisiana,Gold,Fall
260,261,38,Male,Hat,Accessories,57,Montana,Red,Winter
261,262,21,Male,Jeans,Clothing,77,California,Magenta,Winter
262,263,37,Male,Pants,Clothing,40,Hawaii,Teal,Summer
263,264,27,Male,Shorts,Clothing,46,Iowa,Purple,Summer
264,265,36,Male,Pants,Clothing,78,Colorado,Charcoal,Fall
265,266,32,Male,Backpack,Accessories,59,Michigan,Gray,Spring
266,267,51,Male,Jewelry,Accessories,75,Louisiana,White,Summer
267,268,64,Male,Sweater,Clothing,54,Maryland,Olive,Spring
268,269,68,Male,Shoes,Footwear,42,Georgia,Charcoal,Spring
269,270,68,Male,Blouse,Clothing,44,Georgia,Charcoal,Winter
270,271,33,Male,Jeans,Clothing,52,North Dakota,Orange,Fall
271,272,65,Male,Sunglasses,Accessories,69,Maryland,Yellow,Summer
272,273,48,Male,Jewelry,Accessories,26,Oregon,Beige,Summer
273,274,69,Male,Coat,Outerwear,33,North Dakota,Silver,Spring
274,275,59,Male,Jewelry,Accessories,32,Maryland,Indigo,Spring
275,276,48,Male,Backpack,Accessories,85,Virginia,Lavender,Winter
276,277,25,Male,Skirt,Clothing,30,South Dakota,Turquoise,Fall
277,278,29,Male,Shirt,Clothing,29,Georgia,Green,Winter
278,279,57,Male,Sweater,Clothing,95,Hawaii,Orange,Spring
279,280,23,Male,Sneakers,Footwear,69,Arkansas,Turquoise,Summer
280,281,45,Male,Sandals,Footwear,69,Montana,Cyan,Fall
281,282,38,Male,Belt,Accessories,61,Oklahoma,Charcoal,Spring
282,283,21,Male,Skirt,Clothing,94,Minnesota,Teal,Summer
283,284,32,Male,Sweater,Clothing,30,Montana,Maroon,Fall
284,285,63,Male,Skirt,Clothing,45,Ohio,Red,Summer
285,286,29,Male,Handbag,Accessories,39,Kentucky,Yellow,Summer
286,287,27,Male,Jewelry,Accessories,51,Nebraska,Gray,Summer
287,288,56,Male,Scarf,Accessories,37,Delaware,Blue,Spring
288,289,30,Male,T-shirt,Clothing,62,North Carolina,Lavender,Winter
289,290,49,Male,Coat,Outerwear,85,New York,Yellow,Fall
290,291,58,Male,T-shirt,Clothing,33,Colorado,Indigo,Winter
291,292,57,Male,Dress,Clothing,26,Delaware,Violet,Fall
292,293,60,Male,Shoes,Footwear,99,Utah,Green,Spring
293,294,69,Male,Handbag,Accessories,39,Connecticut,White,Spring
294,295,70,Male,Skirt,Clothing,20,New Jersey,Gold,Spring
295,296,53,Male,Sunglasses,Accessories,42,West Virginia,Indigo,Winter
296,297,25,Male,Sandals,Footwear,74,Indiana,Lavender,Spring
297,298,48,Male,Shoes,Footwear,26,Delaware,Purple,Summer
298,299,69,Male,T-shirt,Clothing,53,Maryland,Lavender,Winter
299,300,25,Male,Sneakers,Footwear,80,Pennsylvania,Maroon,Summer
300,301,29,Male,Hat,Accessories,98,Iowa,Teal,Spring
301,302,46,Male,Skirt,Clothing,95,Pennsylvania,Green,Spring
302,303,37,Male,Sweater,Clothing,44,Delaware,Olive,Summer
303,304,20,Male,Sandals,Footwear,60,Oregon,Turquoise,Summer
304,305,40,Male,Dress,Clothing,84,Oregon,Green,Winter
305,306,60,Male,Sweater,Clothing,59,Utah,Teal,Fall
306,307,26,Male,Jacket,Outerwear,49,North Dakota,White,Summer
307,308,29,Male,Gloves,Accessories,32,Florida,Orange,Winter
308,309,66,Male,Handbag,Accessories,29,Maryland,Beige,Fall
309,310,66,Male,Dress,Clothing,22,Minnesota,Yellow,Spring
310,311,56,Male,Pants,Clothing,85,Montana,Charcoal,Winter
311,312,69,Male,Jeans,Clothing,52,Rhode Island,Silver,Winter
312,313,38,Male,Pants,Clothing,89,Massachusetts,Green,Spring
313,314,42,Male,Dress,Clothing,77,Vermont,Pink,Spring
314,315,30,Male,Pants,Clothing,24,New Jersey,Purple,Summer
315,316,66,Male,Jewelry,Accessories,24,Wisconsin,Orange,Spring
316,317,36,Male,Handbag,Accessories,22,California,Charcoal,Fall
317,318,58,Male,Sweater,Clothing,82,West Virginia,Teal,Fall
318,319,45,Male,Backpack,Accessories,67,South Dakota,Beige,Winter
319,320,47,Male,Shorts,Clothing,74,Maine,White,Spring
320,321,66,Male,Jewelry,Accessories,72,Kansas,White,Summer
321,322,41,Male,Sneakers,Footwear,36,Vermont,Orange,Summer
322,323,41,Male,Belt,Accessories,95,Tennessee,Cyan,Winter
323,324,66,Male,Hoodie,Clothing,78,Tennessee,Orange,Winter
324,325,37,Male,Shirt,Clothing,82,Wyoming,Olive,Summer
325,326,70,Male,Pants,Clothing,70,Vermont,Charcoal,Winter
326,327,62,Male,Scarf,Accessories,41,New Jersey,White,Fall
327,328,61,Male,Coat,Outerwear,42,Iowa,Teal,Summer
328,329,48,Male,Coat,Outerwear,50,Florida,Yellow,Fall
329,330,70,Male,Socks,Clothing,31,Nevada,White,Summer
330,331,46,Male,Sweater,Clothing,51,North Dakota,Beige,Winter
331,332,31,Male,Shirt,Clothing,98,Florida,Beige,Fall
332,333,19,Male,Shirt,Clothing,86,New York,Maroon,Winter
333,334,39,Male,Sweater,Clothing,64,Alaska,Teal,Winter
334,335,41,Male,Blouse,Clothing,46,Kansas,Lavender,Fall
335,336,20,Male,Sweater,Clothing,85,Oregon,Maroon,Spring
336,337,36,Male,Hat,Accessories,81,Rhode Island,Orange,Fall
337,338,32,Male,Sweater,Clothing,59,New Mexico,Cyan,Winter
338,339,69,Male,Hoodie,Clothing,79,Massachusetts,Silver,Winter
339,340,40,Male,Shorts,Clothing,33,Pennsylvania,Teal,Spring
340,341,40,Male,Shorts,Clothing,47,New Jersey,Blue,Summer
341,342,20,Male,Hat,Accessories,20,Utah,Blue,Summer
342,343,64,Male,Coat,Outerwear,36,Kentucky,Olive,Spring
343,344,27,Male,Sandals,Footwear,39,Nebraska,Purple,Summer
344,345,24,Male,Skirt,Clothing,71,Virginia,Charcoal,Winter
345,346,48,Male,Shoes,Footwear,59,Wyoming,Olive,Winter
346,347,49,Male,Jeans,Clothing,50,New Mexico,Violet,Spring
347,348,36,Male,Sandals,Footwear,41,Oregon,Red,Fall
348,349,56,Male,Blouse,Clothing,59,South Carolina,Beige,Fall
349,350,37,Male,Hat,Accessories,87,Arizona,Green,Winter
350,351,42,Male,Sweater,Clothing,68,Kentucky,Violet,Spring
351,352,28,Male,Skirt,Clothing,90,New York,Teal,Winter
352,353,27,Male,Jeans,Clothing,71,Texas,Yellow,Fall
353,354,63,Male,Sneakers,Footwear,64,Missouri,Yellow,Fall
354,355,58,Male,Jewelry,Accessories,76,Pennsylvania,Olive,Fall
355,356,37,Male,Jewelry,Accessories,42,Oregon,Magenta,Fall
356,357,56,Male,Pants,Clothing,80,Nevada,Black,Spring
357,358,18,Male,Belt,Accessories,56,Arkansas,Olive,Spring
358,359,48,Male,Hat,Accessories,25,Minnesota,Magenta,Summer
359,360,31,Male,Sneakers,Footwear,74,Georgia,Olive,Winter
360,361,51,Male,Pants,Clothing,30,Rhode Island,Teal,Summer
361,362,65,Male,T-shirt,Clothing,96,Nevada,White,Spring
362,363,53,Male,Sneakers,Footwear,64,Texas,Charcoal,Fall
363,364,55,Male,Shorts,Clothing,88,Florida,Yellow,Winter
364,365,62,Male,Shoes,Footwear,88,North Dakota,Charcoal,Summer
365,366,55,Male,Gloves,Accessories,88,West Virginia,Gray,Summer
366,367,64,Male,Socks,Clothing,36,Nebraska,Turquoise,Spring
367,368,52,Male,Dress,Clothing,40,Tennessee,Cyan,Spring
368,369,24,Male,Handbag,Accessories,39,Oklahoma,Charcoal,Spring
369,370,38,Male,Belt,Accessories,40,Wisconsin,Silver,Summer
370,371,59,Male,Scarf,Accessories,34,Oregon,Olive,Winter
371,372,27,Male,Sneakers,Footwear,83,North Carolina,Pink,Winter
372,373,24,Male,Sweater,Clothing,85,Pennsylvania,Orange,Summer
373,374,23,Male,Coat,Outerwear,27,North Dakota,White,Summer
374,375,69,Male,Jewelry,Accessories,78,Ohio,Purple,Spring
375,376,59,Male,Sunglasses,Accessories,32,Oklahoma,Olive,Summer
376,377,51,Male,Shoes,Footwear,51,South Carolina,Gray,Fall
377,378,63,Male,Scarf,Accessories,32,Maine,Silver,Spring
378,379,54,Male,Dress,Clothing,62,Nevada,Orange,Winter
379,380,32,Male,T-shirt,Clothing,29,Montana,Magenta,Fall
380,381,39,Male,Backpack,Accessories,69,New Hampshire,Beige,Fall
381,382,66,Male,Jewelry,Accessories,25,Maine,Lavender,Winter
382,383,28,Male,Jeans,Clothing,76,California,Peach,Winter
383,384,50,Male,Sunglasses,Accessories,77,West Virginia,Magenta,Fall
384,385,70,Male,Sweater,Clothing,33,California,Beige,Fall
385,386,67,Male,Shorts,Clothing,93,West Virginia,Yellow,Fall
386,387,64,Male,Jewelry,Accessories,39,Louisiana,Brown,Spring
387,388,45,Male,Coat,Outerwear,93,Georgia,Silver,Summer
388,389,22,Male,Handbag,Accessories,82,Washington,Orange,Summer
389,390,27,Male,Boots,Footwear,42,Virginia,Purple,Spring
390,391,25,Male,Gloves,Accessories,71,Indiana,Indigo,Winter
391,392,37,Male,Sweater,Clothing,86,Minnesota,Gray,Spring
392,393,26,Male,T-shirt,Clothing,82,Idaho,Black,Spring
393,394,33,Male,Shoes,Footwear,65,Vermont,Maroon,Fall
394,395,43,Male,Scarf,Accessories,29,North Dakota,Beige,Spring
395,396,37,Male,Sneakers,Footwear,65,Rhode Island,Brown,Winter
396,397,46,Male,Dress,Clothing,88,South Carolina,Black,Fall
397,398,22,Male,Belt,Accessories,46,Mississippi,Indigo,Fall
398,399,20,Male,Boots,Footwear,67,Montana,Silver,Winter
399,400,60,Male,Scarf,Accessories,35,Idaho,Blue,Fall
400,401,39,Male,Boots,Footwear,66,Utah,Green,Winter
401,402,43,Male,T-shirt,Clothing,91,Oklahoma,Orange,Fall
402,403,31,Male,Backpack,Accessories,78,California,Cyan,Fall
403,404,19,Male,Sneakers,Footwear,45,Nevada,Orange,Winter
404,405,35,Male,T-shirt,Clothing,93,Delaware,Indigo,Spring
405,406,41,Male,Jeans,Clothing,74,South Carolina,Silver,Summer
406,407,52,Male,Gloves,Accessories,55,Maryland,Peach,Spring
407,408,45,Male,Hoodie,Clothing,76,North Carolina,Teal,Spring
408,409,34,Male,Sneakers,Footwear,66,Alabama,White,Spring
409,410,35,Male,Shorts,Clothing,51,Minnesota,Brown,Winter
410,411,29,Male,Sweater,Clothing,26,Virginia,Lavender,Spring
411,412,59,Male,Jeans,Clothing,29,Michigan,Indigo,Summer
412,413,24,Male,Jacket,Outerwear,74,Maine,Yellow,Summer
413,414,70,Male,Jewelry,Accessories,99,Nevada,White,Summer
414,415,29,Male,Backpack,Accessories,88,Wyoming,Violet,Winter
415,416,67,Male,Coat,Outerwear,31,Connecticut,Lavender,Winter
416,417,36,Male,Belt,Accessories,55,Oregon,Olive,Spring
417,418,23,Male,Sandals,Footwear,81,Mississippi,Beige,Fall
418,419,18,Male,Sweater,Clothing,73,Illinois,Purple,Spring
419,420,53,Male,Shorts,Clothing,91,Utah,Teal,Winter
420,421,32,Male,Socks,Clothing,54,North Carolina,Peach,Spring
421,422,38,Male,Shirt,Clothing,40,Kentucky,Violet,Winter
422,423,47,Male,Pants,Clothing,59,Minnesota,Purple,Fall
423,424,46,Male,Scarf,Accessories,26,New York,Teal,Spring
424,425,66,Male,Sweater,Clothing,23,Illinois,Gold,Winter
425,426,40,Male,Jeans,Clothing,87,North Dakota,Teal,Winter
426,427,43,Male,Pants,Clothing,71,Louisiana,Violet,Winter
427,428,58,Male,Backpack,Accessories,91,Illinois,Black,Winter
428,429,21,Male,Coat,Outerwear,64,Wyoming,Gold,Winter
429,430,42,Male,Sandals,Footwear,94,Washington,Gold,Winter
430,431,24,Male,Shirt,Clothing,40,Texas,Brown,Summer
431,432,43,Male,Hat,Accessories,76,New Hampshire,Cyan,Winter
432,433,47,Male,Shirt,Clothing,86,Indiana,Indigo,Fall
433,434,49,Male,Skirt,Clothing,92,Alabama,Orange,Fall
434,435,50,Male,Shoes,Footwear,52,Oklahoma,Pink,Spring
435,436,51,Male,Coat,Outerwear,28,Montana,Olive,Winter
436,437,40,Male,Pants,Clothing,46,Tennessee,Cyan,Summer
437,438,45,Male,Jewelry,Accessories,50,New Mexico,Peach,Summer
438,439,52,Male,Belt,Accessories,23,Iowa,Turquoise,Winter
439,440,62,Male,Jacket,Outerwear,50,Idaho,Turquoise,Summer
440,441,20,Male,Shirt,Clothing,89,Oklahoma,Maroon,Winter
441,442,43,Male,Hoodie,Clothing,81,Florida,Maroon,Winter
442,443,29,Male,Sunglasses,Accessories,69,Michigan,Olive,Fall
443,444,22,Male,Sunglasses,Accessories,67,Hawaii,Magenta,Summer
444,445,48,Male,Dress,Clothing,20,California,Red,Summer
445,446,42,Male,Boots,Footwear,29,Iowa,Olive,Fall
446,447,19,Male,Shirt,Clothing,74,West Virginia,Silver,Summer
447,448,60,Male,Shorts,Clothing,82,Washington,Turquoise,Spring
448,449,32,Male,Gloves,Accessories,23,Missouri,Yellow,Summer
449,450,26,Male,Jewelry,Accessories,45,New York,Peach,Summer
450,451,25,Male,Boots,Footwear,21,Connecticut,Beige,Summer
451,452,66,Male,Jewelry,Accessories,31,Virginia,Pink,Summer
452,453,45,Male,Pants,Clothing,45,Missouri,Violet,Summer
453,454,54,Male,Jewelry,Accessories,56,Nebraska,Peach,Winter
454,455,37,Male,Jacket,Outerwear,97,New Jersey,Gold,Summer
455,456,54,Male,Blouse,Clothing,100,Utah,Gold,Fall
456,457,50,Male,Blouse,Clothing,96,North Carolina,Indigo,Fall
457,458,25,Male,Gloves,Accessories,99,Rhode Island,Blue,Spring
458,459,47,Male,Shorts,Clothing,91,Arkansas,Black,Winter
459,460,63,Male,Hat,Accessories,30,Maryland,Black,Winter
460,461,64,Male,Shoes,Footwear,65,South Carolina,Teal,Summer
461,462,18,Male,Boots,Footwear,93,Ohio,Yellow,Winter
462,463,59,Male,Jacket,Outerwear,81,Illinois,White,Fall
463,464,37,Male,Jewelry,Accessories,81,Georgia,Orange,Summer
464,465,23,Male,Sunglasses,Accessories,52,Alabama,Silver,Winter
465,466,54,Male,Skirt,Clothing,88,Oklahoma,Pink,Summer
466,467,38,Male,Jeans,Clothing,24,Vermont,Turquoise,Winter
467,468,19,Male,Backpack,Accessories,51,Nebraska,Orange,Spring
468,469,34,Male,Backpack,Accessories,38,Georgia,Peach,Fall
469,470,21,Male,Shorts,Clothing,46,Alabama,Pink,Fall
470,471,50,Male,Dress,Clothing,63,Minnesota,Teal,Summer
471,472,55,Male,Scarf,Accessories,72,Missouri,White,Winter
472,473,20,Male,Jeans,Clothing,39,Georgia,Gray,Winter
473,474,34,Male,Coat,Outerwear,42,West Virginia,Olive,Spring
474,475,62,Male,Sweater,Clothing,76,Arkansas,Maroon,Summer
475,476,21,Male,Sneakers,Footwear,66,Ohio,Magenta,Summer
476,477,21,Male,Scarf,Accessories,90,Connecticut,Magenta,Spring
477,478,42,Male,Sweater,Clothing,56,North Dakota,Green,Summer
478,479,35,Male,Jewelry,Accessories,43,Kansas,Turquoise,Winter
479,480,39,Male,Handbag,Accessories,84,Iowa,Yellow,Winter
480,481,68,Male,Hoodie,Clothing,88,Vermont,Gray,Summer
481,482,46,Male,Hat,Accessories,88,Wisconsin,Peach,Fall
482,483,41,Male,Belt,Accessories,42,Connecticut,Yellow,Winter
483,484,23,Male,Hoodie,Clothing,73,Oklahoma,White,Fall
484,485,68,Male,Hat,Accessories,73,Missouri,Lavender,Summer
485,486,48,Male,Shoes,Footwear,44,Tennessee,Blue,Spring
486,487,38,Male,Sandals,Footwear,63,New Mexico,Charcoal,Fall
487,488,41,Male,Jacket,Outerwear,68,Iowa,Red,Winter
488,489,58,Male,Sweater,Clothing,29,Maine,Olive,Spring
489,490,49,Male,Socks,Clothing,85,South Dakota,Green,Summer
490,491,57,Male,Sneakers,Footwear,42,Colorado,Silver,Winter
491,492,49,Male,Coat,Outerwear,69,Vermont,Silver,Summer
492,493,50,Male,Shirt,Clothing,62,Michigan,Black,Fall
493,494,28,Male,Backpack,Accessories,48,Nevada,Red,Summer
494,495,38,Male,Boots,Footwear,68,Indiana,Indigo,Winter
495,496,33,Male,Handbag,Accessories,36,Michigan,Cyan,Fall
496,497,30,Male,Dress,Clothing,63,California,Maroon,Fall
497,498,43,Male,Sneakers,Footwear,39,Oklahoma,Silver,Winter
498,499,43,Male,Boots,Footwear,78,Iowa,Lavender,Spring
499,500,36,Male,Shoes,Footwear,99,Rhode Island,Silver,Winter
500,501,36,Male,T-shirt,Clothing,31,Washington,Purple,Fall
501,502,64,Male,Boots,Footwear,45,Florida,Cyan,Spring
502,503,59,Male,Pants,Clothing,30,South Carolina,Cyan,Fall
503,504,55,Male,Shoes,Footwear,24,West Virginia,Lavender,Summer
504,505,42,Male,Shoes,Footwear,22,Missouri,Maroon,Winter
505,506,61,Male,T-shirt,Clothing,63,Maine,Gray,Spring
506,507,28,Male,Scarf,Accessories,40,Georgia,Olive,Fall
507,508,65,Male,Shorts,Clothing,20,Maine,Magenta,Spring
508,509,27,Male,Jewelry,Accessories,20,Illinois,Yellow,Winter
509,510,41,Male,T-shirt,Clothing,80,Delaware,Cyan,Summer
510,511,21,Male,Shirt,Clothing,87,West Virginia,Teal,Fall
511,512,61,Male,Shirt,Clothing,46,Hawaii,Yellow,Fall
512,513,19,Male,Gloves,Accessories,49,New York,Peach,Winter
513,514,22,Male,Scarf,Accessories,65,New Mexico,Peach,Fall
514,515,64,Male,Skirt,Clothing,62,Indiana,Olive,Winter
515,516,28,Male,Hat,Accessories,67,Kentucky,Charcoal,Spring
516,517,34,Male,Hoodie,Clothing,41,West Virginia,Indigo,Fall
517,518,61,Male,Boots,Footwear,49,North Dakota,Silver,Fall
518,519,24,Male,Blouse,Clothing,100,Oregon,Beige,Fall
519,520,19,Male,Belt,Accessories,54,Minnesota,Blue,Summer
520,521,51,Male,Sunglasses,Accessories,84,South Carolina,White,Spring
521,522,36,Male,Shorts,Clothing,41,Vermont,Gold,Winter
522,523,65,Male,Gloves,Accessories,88,Minnesota,Blue,Spring
523,524,46,Male,Sandals,Footwear,40,Delaware,Orange,Spring
524,525,59,Male,Shirt,Clothing,39,Pennsylvania,Gold,Summer
525,526,51,Male,Coat,Outerwear,37,Iowa,Cyan,Spring
526,527,51,Male,Pants,Clothing,52,New Jersey,Red,Winter
527,528,21,Male,T-shirt,Clothing,23,South Carolina,Yellow,Winter
528,529,34,Male,Sneakers,Footwear,88,Maryland,Beige,Winter
529,530,32,Male,Shorts,Clothing,84,California,Orange,Fall
530,531,48,Male,Coat,Outerwear,37,Montana,Magenta,Winter
531,532,50,Male,Sandals,Footwear,51,Vermont,Purple,Fall
532,533,26,Male,Pants,Clothing,76,Texas,Black,Winter
533,534,57,Male,Sandals,Footwear,60,North Carolina,Pink,Spring
534,535,65,Male,Gloves,Accessories,72,Florida,Pink,Fall
535,536,56,Male,T-shirt,Clothing,45,West Virginia,Maroon,Spring
536,537,44,Male,Jacket,Outerwear,84,Illinois,Maroon,Fall
537,538,50,Male,Blouse,Clothing,49,Virginia,Turquoise,Summer
538,539,27,Male,Socks,Clothing,22,Virginia,Green,Spring
539,540,49,Male,Coat,Outerwear,48,Wyoming,Violet,Winter
540,541,49,Male,Dress,Clothing,37,South Carolina,Lavender,Spring
541,542,52,Male,Jacket,Outerwear,27,Connecticut,Gray,Fall
542,543,27,Male,Boots,Footwear,79,Illinois,Teal,Spring
543,544,53,Male,Skirt,Clothing,98,Alabama,Red,Spring
544,545,34,Male,Sandals,Footwear,64,Washington,Yellow,Summer
545,546,33,Male,Coat,Outerwear,32,Alabama,Magenta,Summer
546,547,62,Male,Hoodie,Clothing,74,New Mexico,Brown,Winter
547,548,38,Male,Jacket,Outerwear,50,Nevada,Blue,Winter
548,549,36,Male,Backpack,Accessories,64,Nebraska,Black,Winter
549,550,31,Male,Backpack,Accessories,29,Arizona,Olive,Fall
550,551,62,Male,Belt,Accessories,62,Georgia,Olive,Summer
551,552,29,Male,Coat,Outerwear,78,Idaho,Green,Fall
552,553,24,Male,T-shirt,Clothing,94,Missouri,Peach,Fall
553,554,63,Male,Sunglasses,Accessories,59,Florida,White,Winter
554,555,56,Male,Sneakers,Footwear,47,Minnesota,Red,Summer
555,556,63,Male,Gloves,Accessories,57,Maine,White,Fall
556,557,40,Male,Coat,Outerwear,90,Montana,Indigo,Winter
557,558,18,Male,Shirt,Clothing,60,Alaska,White,Spring
558,559,50,Male,Sneakers,Footwear,77,Iowa,Teal,Fall
559,560,66,Male,Scarf,Accessories,41,Arizona,Indigo,Fall
560,561,25,Male,Jewelry,Accessories,48,Louisiana,Red,Fall
561,562,65,Male,Jacket,Outerwear,65,Alabama,Blue,Fall
562,563,53,Male,Jeans,Clothing,62,Missouri,Blue,Summer
563,564,61,Male,Shoes,Footwear,99,Idaho,Black,Fall
564,565,67,Male,Hoodie,Clothing,58,Florida,Olive,Winter
565,566,59,Male,Backpack,Accessories,43,Idaho,Lavender,Fall
566,567,55,Male,Sneakers,Footwear,93,Alabama,Indigo,Spring
567,568,21,Male,Blouse,Clothing,50,New Hampshire,Red,Winter
568,569,44,Male,Pants,Clothing,88,Utah,Red,Summer
569,570,65,Male,Skirt,Clothing,33,Alabama,Pink,Fall
570,571,65,Male,T-shirt,Clothing,99,Iowa,Purple,Fall
571,572,54,Male,Jacket,Outerwear,76,Kentucky,Cyan,Spring
572,573,56,Male,Scarf,Accessories,97,South Carolina,Cyan,Summer
573,574,58,Male,Pants,Clothing,68,California,Charcoal,Summer
574,575,54,Male,Sneakers,Footwear,79,Maine,Red,Fall
575,576,58,Male,Jeans,Clothing,86,Nebraska,Peach,Fall
576,577,48,Male,Hat,Accessories,68,Washington,Black,Winter
577,578,19,Male,Skirt,Clothing,52,Alabama,Black,Fall
578,579,69,Male,Sandals,Footwear,90,Maine,Purple,Fall
579,580,58,Male,Sandals,Footwear,41,California,Violet,Winter
580,581,49,Male,Sweater,Clothing,80,Iowa,Orange,Spring
581,582,32,Male,Sweater,Clothing,100,Iowa,Charcoal,Winter
582,583,40,Male,Jacket,Outerwear,77,Colorado,Turquoise,Spring
583,584,25,Male,Shorts,Clothing,78,California,Yellow,Spring
584,585,70,Male,Socks,Clothing,94,Indiana,White,Spring
585,586,69,Male,Socks,Clothing,23,South Carolina,Gray,Fall
586,587,45,Male,Hoodie,Clothing,20,Wisconsin,Blue,Winter
587,588,29,Male,Socks,Clothing,86,Washington,Maroon,Fall
588,589,47,Male,Boots,Footwear,60,South Dakota,Violet,Fall
589,590,28,Male,Shirt,Clothing,70,Minnesota,Orange,Fall
590,591,64,Male,Belt,Accessories,39,Alaska,Turquoise,Fall
591,592,47,Male,Backpack,Accessories,37,Kentucky,Olive,Fall
592,593,60,Male,Boots,Footwear,29,North Dakota,Brown,Fall
593,594,67,Male,Coat,Outerwear,35,Alaska,Green,Winter
594,595,35,Male,Hoodie,Clothing,83,Oklahoma,Brown,Winter
595,596,30,Male,Shoes,Footwear,77,Delaware,Silver,Summer
596,597,23,Male,Shoes,Footwear,37,Montana,White,Summer
597,598,70,Male,Jewelry,Accessories,69,Alaska,Gold,Summer
598,599,21,Male,Dress,Clothing,66,California,Green,Winter
599,600,51,Male,Boots,Footwear,26,Massachusetts,Teal,Spring
600,601,22,Male,Hat,Accessories,63,South Carolina,Charcoal,Spring
601,602,32,Male,Backpack,Accessories,38,West Virginia,Maroon,Summer
602,603,37,Male,Shoes,Footwear,58,Oregon,Lavender,Summer
603,604,31,Male,Handbag,Accessories,46,Massachusetts,Green,Winter
604,605,44,Male,Sunglasses,Accessories,92,West Virginia,Pink,Fall
605,606,40,Male,Hat,Accessories,32,California,Charcoal,Winter
606,607,27,Male,Scarf,Accessories,90,Colorado,Blue,Spring
607,608,47,Male,Hoodie,Clothing,23,Indiana,Purple,Fall
608,609,41,Male,Backpack,Accessories,25,Delaware,Gold,Fall
609,610,51,Male,Sweater,Clothing,54,Ohio,Purple,Fall
610,611,53,Male,Shorts,Clothing,72,Oklahoma,Charcoal,Summer
611,612,43,Male,Scarf,Accessories,33,California,Black,Winter
612,613,67,Male,Hat,Accessories,43,New Hampshire,Lavender,Fall
613,614,61,Male,Coat,Outerwear,51,Pennsylvania,Lavender,Fall
614,615,68,Male,Jewelry,Accessories,85,Idaho,Lavender,Winter
615,616,67,Male,Sandals,Footwear,100,Maryland,Olive,Summer
616,617,29,Male,Gloves,Accessories,72,Pennsylvania,Teal,Spring
617,618,50,Male,Backpack,Accessories,57,Colorado,Maroon,Fall
618,619,61,Male,Jacket,Outerwear,94,Indiana,Cyan,Spring
619,620,19,Male,Backpack,Accessories,34,Nebraska,Charcoal,Summer
620,621,33,Male,Backpack,Accessories,89,Rhode Island,Black,Fall
621,622,51,Male,Sunglasses,Accessories,27,Kansas,Red,Fall
622,623,69,Male,Socks,Clothing,63,Georgia,Peach,Spring
623,624,19,Male,Shoes,Footwear,70,Nevada,White,Fall
624,625,55,Male,Pants,Clothing,87,South Carolina,Pink,Fall
625,626,49,Male,Jewelry,Accessories,79,Delaware,Red,Fall
626,627,31,Male,Sunglasses,Accessories,79,New Hampshire,Indigo,Spring
627,628,42,Male,Sandals,Footwear,44,Oregon,Black,Winter
628,629,69,Male,Sweater,Clothing,85,Massachusetts,White,Fall
629,630,26,Male,Shoes,Footwear,90,Vermont,Beige,Spring
630,631,41,Male,Jewelry,Accessories,94,Mississippi,Silver,Fall
631,632,55,Male,Boots,Footwear,68,Washington,Violet,Summer
632,633,35,Male,Backpack,Accessories,51,Wyoming,Red,Winter
633,634,66,Male,Sandals,Footwear,33,Minnesota,Orange,Spring
634,635,36,Male,Sneakers,Footwear,60,Ohio,Teal,Summer
635,636,27,Male,Hoodie,Clothing,59,South Carolina,Brown,Fall
636,637,41,Male,Handbag,Accessories,30,Wisconsin,Indigo,Summer
637,638,21,Male,Sweater,Clothing,20,Tennessee,Cyan,Winter
638,639,53,Male,Sandals,Footwear,20,Maryland,Blue,Summer
639,640,54,Male,Dress,Clothing,24,Mississippi,Olive,Spring
640,641,53,Male,Skirt,Clothing,88,Minnesota,Gray,Summer
641,642,47,Male,Blouse,Clothing,78,Alaska,Red,Winter
642,643,64,Male,Skirt,Clothing,25,Arkansas,Red,Spring
643,644,18,Male,Sweater,Clothing,57,Oregon,Green,Winter
644,645,68,Male,Backpack,Accessories,93,Louisiana,Blue,Summer
645,646,62,Male,Hoodie,Clothing,42,Oklahoma,Purple,Summer
646,647,51,Male,Boots,Footwear,54,Indiana,Pink,Spring
647,648,54,Male,Blouse,Clothing,70,Mississippi,Charcoal,Summer
648,649,22,Male,Hoodie,Clothing,31,Michigan,Brown,Winter
649,650,53,Male,Pants,Clothing,93,Delaware,Orange,Spring
650,651,34,Male,Gloves,Accessories,40,Florida,Magenta,Spring
651,652,32,Male,Hat,Accessories,32,Arkansas,Yellow,Summer
652,653,64,Male,Sunglasses,Accessories,27,Minnesota,Beige,Winter
653,654,20,Male,Scarf,Accessories,68,North Dakota,Olive,Winter
654,655,24,Male,Handbag,Accessories,59,California,Gray,Summer
655,656,20,Male,Handbag,Accessories,36,Mississippi,Purple,Fall
656,657,42,Male,Jeans,Clothing,23,Pennsylvania,Beige,Summer
657,658,48,Male,Jacket,Outerwear,80,Arizona,White,Winter
658,659,62,Male,Backpack,Accessories,37,Louisiana,White,Fall
659,660,62,Male,Shorts,Clothing,52,Virginia,Gold,Spring
660,661,50,Male,Coat,Outerwear,79,Montana,Olive,Fall
661,662,57,Male,Shirt,Clothing,68,Iowa,Green,Fall
662,663,24,Male,Gloves,Accessories,98,Illinois,Magenta,Fall
663,664,59,Male,Dress,Clothing,83,Alaska,Charcoal,Fall
664,665,63,Male,Pants,Clothing,83,Colorado,Indigo,Winter
665,666,41,Male,Pants,Clothing,55,New Mexico,Peach,Spring
666,667,35,Male,Hoodie,Clothing,26,Colorado,Turquoise,Winter
667,668,34,Male,Sunglasses,Accessories,76,Arizona,Blue,Winter
668,669,49,Male,T-shirt,Clothing,85,Hawaii,Turquoise,Fall
669,670,43,Male,Jacket,Outerwear,89,Illinois,Gray,Spring
670,671,63,Male,Sweater,Clothing,41,Louisiana,Purple,Spring
671,672,38,Male,Jacket,Outerwear,30,Iowa,Black,Winter
672,673,59,Male,Socks,Clothing,53,Washington,Peach,Winter
673,674,35,Male,Shirt,Clothing,66,Oklahoma,Indigo,Spring
674,675,48,Male,Jewelry,Accessories,33,Washington,Beige,Winter
675,676,64,Male,Sunglasses,Accessories,86,Arkansas,Yellow,Spring
676,677,28,Male,Pants,Clothing,60,Connecticut,Peach,Winter
677,678,60,Male,Socks,Clothing,62,Washington,Turquoise,Summer
678,679,27,Male,Blouse,Clothing,74,Maine,Teal,Fall
679,680,56,Male,Sandals,Footwear,95,Michigan,Turquoise,Fall
680,681,58,Male,Sneakers,Footwear,25,Tennessee,Magenta,Spring
681,682,30,Male,Shirt,Clothing,59,Louisiana,Purple,Winter
682,683,23,Male,Jacket,Outerwear,29,Missouri,Brown,Summer
683,684,33,Male,Sandals,Footwear,36,Michigan,Violet,Winter
684,685,63,Male,Hat,Accessories,82,Alabama,Yellow,Summer
685,686,70,Male,Blouse,Clothing,71,Massachusetts,Magenta,Winter
686,687,70,Male,Sweater,Clothing,35,Indiana,Beige,Fall
687,688,19,Male,Gloves,Accessories,38,West Virginia,Turquoise,Winter
688,689,25,Male,Scarf,Accessories,59,Michigan,Peach,Summer
689,690,19,Male,Hoodie,Clothing,91,Pennsylvania,Orange,Summer
690,691,25,Male,Shorts,Clothing,68,Alaska,Red,Spring
691,692,60,Male,Backpack,Accessories,21,Massachusetts,Silver,Summer
692,693,35,Male,Sunglasses,Accessories,95,North Dakota,Cyan,Spring
693,694,46,Male,Shorts,Clothing,52,Vermont,Turquoise,Spring
694,695,41,Male,Dress,Clothing,21,Kentucky,Charcoal,Fall
695,696,30,Male,Shorts,Clothing,67,Nevada,Peach,Summer
696,697,44,Male,Belt,Accessories,42,Utah,Green,Fall
697,698,61,Male,Scarf,Accessories,63,North Dakota,Brown,Summer
698,699,55,Male,Boots,Footwear,41,Iowa,Yellow,Winter
699,700,50,Male,Handbag,Accessories,46,Connecticut,Charcoal,Fall
700,701,57,Male,Pants,Clothing,79,Wisconsin,Olive,Winter
701,702,51,Male,Boots,Footwear,90,Idaho,Red,Fall
702,703,18,Male,Shirt,Clothing,71,Montana,White,Winter
703,704,63,Male,Dress,Clothing,87,Connecticut,Pink,Summer
704,705,34,Male,Hoodie,Clothing,66,Idaho,Black,Spring
705,706,25,Male,Pants,Clothing,90,Arkansas,Indigo,Summer
706,707,46,Male,Jeans,Clothing,47,Iowa,Turquoise,Summer
707,708,59,Male,Shirt,Clothing,38,Louisiana,Purple,Spring
708,709,37,Male,Backpack,Accessories,50,Kentucky,Beige,Summer
709,710,49,Male,Jacket,Outerwear,79,Massachusetts,Charcoal,Summer
710,711,22,Male,Scarf,Accessories,91,Virginia,Turquoise,Spring
711,712,64,Male,Boots,Footwear,60,New Hampshire,Maroon,Spring
712,713,42,Male,Blouse,Clothing,81,New Hampshire,Black,Summer
713,714,37,Male,Hoodie,Clothing,90,Oregon,Lavender,Summer
714,715,26,Male,Jacket,Outerwear,70,South Dakota,Magenta,Fall
715,716,33,Male,Jeans,Clothing,63,Delaware,Green,Spring
716,717,30,Male,Jewelry,Accessories,29,Missouri,Olive,Spring
717,718,21,Male,Socks,Clothing,90,Alaska,Green,Spring
718,719,22,Male,Shirt,Clothing,22,Florida,Peach,Summer
719,720,63,Male,Shorts,Clothing,22,Mississippi,Turquoise,Summer
720,721,33,Male,Jewelry,Accessories,62,New Mexico,Orange,Fall
721,722,43,Male,Blouse,Clothing,57,California,Silver,Summer
722,723,27,Male,Sweater,Clothing,32,Wyoming,Blue,Summer
723,724,35,Male,Jewelry,Accessories,53,Missouri,Cyan,Fall
724,725,37,Male,T-shirt,Clothing,79,New Hampshire,Green,Fall
725,726,61,Male,Hat,Accessories,61,Texas,Silver,Winter
726,727,32,Male,Shorts,Clothing,78,North Dakota,Yellow,Summer
727,728,62,Male,Sweater,Clothing,97,Arkansas,Gray,Winter
728,729,29,Male,Jeans,Clothing,78,Nebraska,Pink,Winter
729,730,41,Male,Sunglasses,Accessories,56,Minnesota,Beige,Summer
730,731,48,Male,Boots,Footwear,25,Massachusetts,Indigo,Summer
731,732,43,Male,Coat,Outerwear,28,Arkansas,Red,Spring
732,733,34,Male,Shirt,Clothing,57,New Hampshire,Blue,Spring
733,734,45,Male,Dress,Clothing,36,Rhode Island,Cyan,Fall
734,735,65,Male,Shirt,Clothing,69,New Jersey,Violet,Winter
735,736,61,Male,Sunglasses,Accessories,48,Montana,Orange,Fall
736,737,18,Male,Dress,Clothing,58,Colorado,Maroon,Spring
737,738,47,Male,Sunglasses,Accessories,24,Nebraska,Teal,Spring
738,739,56,Male,Sunglasses,Accessories,31,Minnesota,Orange,Winter
739,740,64,Male,Shorts,Clothing,29,Minnesota,Purple,Summer
740,741,26,Male,Jeans,Clothing,69,South Dakota,Orange,Summer
741,742,22,Male,T-shirt,Clothing,79,West Virginia,Yellow,Summer
742,743,64,Male,Pants,Clothing,39,Nevada,Charcoal,Summer
743,744,21,Male,Sunglasses,Accessories,84,North Carolina,Gray,Fall
744,745,67,Male,Boots,Footwear,66,Illinois,Charcoal,Spring
745,746,46,Male,T-shirt,Clothing,92,Michigan,Orange,Fall
746,747,40,Male,Sandals,Footwear,45,Michigan,Red,Winter
747,748,51,Male,Shorts,Clothing,74,Oklahoma,Gold,Spring
748,749,35,Male,Hat,Accessories,39,South Dakota,Brown,Fall
749,750,56,Male,Scarf,Accessories,71,Oklahoma,Olive,Winter
750,751,25,Male,T-shirt,Clothing,95,Maryland,Violet,Fall
751,752,65,Male,Gloves,Accessories,72,Ohio,Indigo,Fall
752,753,39,Male,Scarf,Accessories,85,Ohio,Yellow,Fall
753,754,47,Male,Boots,Footwear,54,Massachusetts,Teal,Fall
754,755,36,Male,Gloves,Accessories,41,North Carolina,Pink,Spring
755,756,66,Male,Coat,Outerwear,24,Florida,Violet,Spring
756,757,62,Male,Belt,Accessories,99,Montana,Orange,Summer
757,758,41,Male,Hoodie,Clothing,32,Minnesota,Red,Fall
758,759,66,Male,Shoes,Footwear,71,Massachusetts,Peach,Summer
759,760,51,Male,Dress,Clothing,49,Rhode Island,Green,Winter
760,761,33,Male,Gloves,Accessories,50,Minnesota,Violet,Fall
761,762,57,Male,Jewelry,Accessories,91,Nevada,Yellow,Fall
762,763,45,Male,Belt,Accessories,46,New Mexico,Pink,Fall
763,764,61,Male,Sweater,Clothing,50,North Carolina,Brown,Spring
764,765,55,Male,Skirt,Clothing,39,Virginia,Silver,Fall
765,766,54,Male,Sneakers,Footwear,99,Alaska,Pink,Summer
766,767,57,Male,Gloves,Accessories,48,Nevada,Cyan,Winter
767,768,27,Male,Coat,Outerwear,77,Pennsylvania,Brown,Fall
768,769,64,Male,Backpack,Accessories,95,Illinois,Red,Spring
769,770,52,Male,Socks,Clothing,100,Delaware,Silver,Spring
770,771,19,Male,Sneakers,Footwear,54,Vermont,Gray,Spring
771,772,22,Male,Sweater,Clothing,68,Hawaii,Cyan,Fall
772,773,18,Male,Jeans,Clothing,22,Illinois,Teal,Fall
773,774,29,Male,Hat,Accessories,84,California,Indigo,Winter
774,775,42,Male,Hat,Accessories,46,Nevada,Yellow,Summer
775,776,49,Male,Handbag,Accessories,53,Kentucky,Gold,Winter
776,777,49,Male,Shirt,Clothing,60,Alabama,Maroon,Spring
777,778,55,Male,Socks,Clothing,32,Wyoming,Silver,Spring
778,779,29,Male,Socks,Clothing,50,Massachusetts,Yellow,Summer
779,780,60,Male,Dress,Clothing,94,Utah,Blue,Spring
780,781,34,Male,Shoes,Footwear,26,New York,Turquoise,Spring
781,782,30,Male,Scarf,Accessories,44,Vermont,Indigo,Winter
782,783,28,Male,Hoodie,Clothing,57,Hawaii,Green,Summer
783,784,63,Male,T-shirt,Clothing,65,Louisiana,Purple,Winter
784,785,31,Male,Jeans,Clothing,72,Alabama,Peach,Winter
785,786,46,Male,Shorts,Clothing,62,Louisiana,Purple,Spring
786,787,70,Male,Hat,Accessories,21,Indiana,Teal,Winter
787,788,53,Male,Handbag,Accessories,85,Michigan,Green,Spring
788,789,50,Male,Pants,Clothing,51,Rhode Island,Yellow,Summer
789,790,33,Male,Handbag,Accessories,84,Idaho,Purple,Fall
790,791,22,Male,Sweater,Clothing,37,Louisiana,Indigo,Summer
791,792,50,Male,Scarf,Accessories,44,North Carolina,Magenta,Summer
792,793,34,Male,Sneakers,Footwear,45,New Jersey,Violet,Spring
793,794,24,Male,Pants,Clothing,35,Alabama,Maroon,Summer
794,795,69,Male,Backpack,Accessories,50,Kentucky,Yellow,Winter
795,796,39,Male,Sandals,Footwear,26,New York,Beige,Summer
796,797,42,Male,Socks,Clothing,78,Arizona,Black,Fall
797,798,42,Male,Coat,Outerwear,82,Maryland,Violet,Fall
798,799,29,Male,Socks,Clothing,39,Alaska,Violet,Spring
799,800,55,Male,Belt,Accessories,55,Nevada,Brown,Summer
800,801,32,Male,Socks,Clothing,20,Utah,Gold,Summer
801,802,25,Male,Belt,Accessories,29,New Mexico,Blue,Fall
802,803,38,Male,Pants,Clothing,41,Delaware,Teal,Winter
803,804,32,Male,Shorts,Clothing,38,Connecticut,Silver,Winter
804,805,43,Male,Boots,Footwear,47,Mississippi,Maroon,Summer
805,806,41,Male,Dress,Clothing,30,Connecticut,White,Summer
806,807,56,Male,Jeans,Clothing,56,Florida,Charcoal,Summer
807,808,27,Male,T-shirt,Clothing,89,New York,Brown,Winter
808,809,46,Male,Shoes,Footwear,96,Wisconsin,Lavender,Fall
809,810,48,Male,Boots,Footwear,81,South Carolina,Violet,Fall
810,811,52,Male,Scarf,Accessories,83,South Dakota,Lavender,Fall
811,812,18,Male,Sneakers,Footwear,35,Illinois,Green,Winter
812,813,64,Male,Boots,Footwear,56,Alaska,Olive,Summer
813,814,54,Male,Handbag,Accessories,45,Montana,Olive,Summer
814,815,31,Male,Shirt,Clothing,62,Minnesota,Pink,Winter
815,816,30,Male,Hat,Accessories,84,West Virginia,Teal,Spring
816,817,26,Male,Sweater,Clothing,24,Illinois,Cyan,Summer
817,818,25,Male,Handbag,Accessories,21,Nevada,Gray,Spring
818,819,59,Male,Shirt,Clothing,91,Idaho,Peach,Winter
819,820,55,Male,Sunglasses,Accessories,36,Colorado,Teal,Winter
820,821,56,Male,Sneakers,Footwear,39,Louisiana,Turquoise,Spring
821,822,62,Male,Hoodie,Clothing,39,Vermont,Green,Spring
822,823,35,Male,Shirt,Clothing,59,Mississippi,Magenta,Winter
823,824,51,Male,Sunglasses,Accessories,27,Georgia,Green,Winter
824,825,61,Male,Blouse,Clothing,94,Georgia,White,Spring
825,826,27,Male,Belt,Accessories,94,Nebraska,Brown,Fall
826,827,54,Male,Dress,Clothing,94,Massachusetts,Purple,Winter
827,828,31,Male,Shoes,Footwear,51,Colorado,Green,Fall
828,829,24,Male,Socks,Clothing,62,Nevada,Peach,Fall
829,830,42,Male,Socks,Clothing,57,Idaho,Silver,Spring
830,831,41,Male,Shorts,Clothing,76,Wyoming,Maroon,Fall
831,832,66,Male,Gloves,Accessories,63,Washington,Red,Summer
832,833,58,Male,Jacket,Outerwear,80,California,Blue,Fall
833,834,43,Male,Handbag,Accessories,68,Oklahoma,Purple,Fall
834,835,52,Male,Backpack,Accessories,89,Nevada,Indigo,Summer
835,836,35,Male,Boots,Footwear,26,Maryland,Indigo,Summer
836,837,23,Male,Gloves,Accessories,90,West Virginia,Violet,Winter
837,838,25,Male,Hoodie,Clothing,28,Illinois,Brown,Spring
838,839,33,Male,Coat,Outerwear,29,Kentucky,Gray,Spring
839,840,48,Male,Shirt,Clothing,31,Illinois,Teal,Spring
840,841,42,Male,Shirt,Clothing,24,Alabama,Teal,Summer
841,842,55,Male,Sweater,Clothing,88,Texas,Beige,Summer
842,843,59,Male,Shirt,Clothing,87,Missouri,Violet,Spring
843,844,65,Male,Hoodie,Clothing,80,Pennsylvania,Beige,Summer
844,845,59,Male,Sandals,Footwear,48,Missouri,Purple,Winter
845,846,31,Male,Belt,Accessories,21,Michigan,Charcoal,Winter
846,847,49,Male,Boots,Footwear,72,Kentucky,Pink,Spring
847,848,53,Male,Hoodie,Clothing,44,New Jersey,Blue,Fall
848,849,48,Male,Sandals,Footwear,73,Delaware,Lavender,Fall
849,850,23,Male,Jeans,Clothing,61,Missouri,Charcoal,Spring
850,851,68,Male,Shoes,Footwear,20,Connecticut,Turquoise,Winter
851,852,35,Male,Sandals,Footwear,86,Massachusetts,Red,Summer
852,853,34,Male,Dress,Clothing,60,Florida,Yellow,Spring
853,854,62,Male,Hat,Accessories,43,Delaware,Orange,Winter
854,855,21,Male,Pants,Clothing,44,California,Blue,Spring
855,856,70,Male,Socks,Clothing,76,Oregon,Gold,Spring
856,857,55,Male,Shirt,Clothing,33,Alaska,Gold,Summer
857,858,43,Male,Shorts,Clothing,60,Missouri,Cyan,Fall
858,859,19,Male,Jacket,Outerwear,26,Oklahoma,Olive,Fall
859,860,47,Male,Hoodie,Clothing,73,Wisconsin,Teal,Winter
860,861,26,Male,Shoes,Footwear,87,South Carolina,Maroon,Spring
861,862,46,Male,Skirt,Clothing,100,Virginia,Green,Spring
862,863,19,Male,Coat,Outerwear,84,Arkansas,Charcoal,Winter
863,864,49,Male,Sneakers,Footwear,41,Vermont,Cyan,Summer
864,865,51,Male,Jeans,Clothing,59,Kentucky,Charcoal,Winter
865,866,64,Male,Blouse,Clothing,26,Colorado,Charcoal,Winter
866,867,67,Male,Sunglasses,Accessories,69,New Mexico,Lavender,Summer
867,868,37,Male,Jacket,Outerwear,20,Colorado,Turquoise,Spring
868,869,40,Male,Dress,Clothing,83,North Carolina,Green,Summer
869,870,38,Male,Hat,Accessories,54,New Hampshire,Silver,Spring
870,871,66,Male,Hoodie,Clothing,66,West Virginia,Blue,Fall
871,872,47,Male,Handbag,Accessories,42,Hawaii,Charcoal,Spring
872,873,56,Male,Jeans,Clothing,33,North Dakota,Pink,Spring
873,874,51,Male,Boots,Footwear,77,Mississippi,Pink,Summer
874,875,25,Male,Jacket,Outerwear,65,Maine,Magenta,Fall
875,876,37,Male,Sandals,Footwear,39,North Dakota,Gray,Summer
876,877,41,Male,Belt,Accessories,51,Nebraska,Gray,Summer
877,878,64,Male,Handbag,Accessories,65,Nebraska,Orange,Winter
878,879,23,Male,Sunglasses,Accessories,89,Tennessee,Black,Summer
879,880,62,Male,Skirt,Clothing,76,Wyoming,Lavender,Spring
880,881,39,Male,Backpack,Accessories,75,Nevada,Red,Spring
881,882,52,Male,Sandals,Footwear,61,South Carolina,Silver,Summer
882,883,50,Male,Boots,Footwear,35,Virginia,Cyan,Fall
883,884,28,Male,Sneakers,Footwear,37,Pennsylvania,Gold,Fall
884,885,67,Male,Skirt,Clothing,91,Hawaii,Yellow,Winter
885,886,41,Male,Dress,Clothing,99,Ohio,Purple,Fall
886,887,19,Male,Shorts,Clothing,54,Utah,Brown,Summer
887,888,70,Male,Handbag,Accessories,47,Minnesota,Turquoise,Winter
888,889,49,Male,Scarf,Accessories,77,New Hampshire,Gold,Spring
889,890,59,Male,Belt,Accessories,84,Arizona,Olive,Fall
890,891,52,Male,Gloves,Accessories,51,New York,Purple,Spring
891,892,20,Male,Skirt,Clothing,26,Pennsylvania,Lavender,Summer
892,893,31,Male,Shorts,Clothing,64,New Mexico,Gray,Summer
893,894,33,Male,Backpack,Accessories,51,Nebraska,Red,Spring
894,895,44,Male,Hoodie,Clothing,60,Wyoming,Purple,Spring
895,896,40,Male,Hat,Accessories,69,Mississippi,Olive,Spring
896,897,69,Male,Jewelry,Accessories,29,Arkansas,Lavender,Spring
897,898,29,Male,Shirt,Clothing,91,Illinois,Gray,Spring
898,899,54,Male,Belt,Accessories,70,Nevada,Red,Spring
899,900,65,Male,Sweater,Clothing,58,Rhode Island,Peach,Summer
900,901,54,Male,Hat,Accessories,98,West Virginia,Gray,Fall
901,902,60,Male,Scarf,Accessories,68,Missouri,Violet,Summer
902,903,43,Male,Hat,Accessories,44,Kentucky,Beige,Summer
903,904,44,Male,Jacket,Outerwear,45,Washington,Blue,Winter
904,905,69,Male,T-shirt,Clothing,99,Alaska,Magenta,Spring
905,906,46,Male,Dress,Clothing,68,Mississippi,Cyan,Spring
906,907,41,Male,Pants,Clothing,56,South Carolina,Red,Spring
907,908,32,Male,Sweater,Clothing,43,Missouri,Cyan,Winter
908,909,26,Male,Sunglasses,Accessories,99,New Jersey,Turquoise,Winter
909,910,61,Male,Belt,Accessories,56,Louisiana,Silver,Fall
910,911,49,Male,Hoodie,Clothing,25,South Carolina,Pink,Spring
911,912,53,Male,Pants,Clothing,74,Vermont,Black,Winter
912,913,24,Male,Hoodie,Clothing,56,Arkansas,Green,Winter
913,914,37,Male,Sneakers,Footwear,47,Utah,Yellow,Fall
914,915,43,Male,Dress,Clothing,67,Washington,Purple,Summer
915,916,31,Male,Dress,Clothing,22,Rhode Island,Purple,Winter
916,917,49,Male,Jeans,Clothing,34,Illinois,Blue,Spring
917,918,69,Male,Sweater,Clothing,64,Missouri,Maroon,Spring
918,919,65,Male,Shorts,Clothing,42,North Carolina,Orange,Spring
919,920,41,Male,Shirt,Clothing,82,Massachusetts,Green,Winter
920,921,37,Male,Belt,Accessories,81,Arkansas,Gold,Summer
921,922,70,Male,Coat,Outerwear,24,South Dakota,Silver,Summer
922,923,63,Male,Sneakers,Footwear,60,Georgia,Cyan,Fall
923,924,55,Male,Shirt,Clothing,24,Arkansas,Silver,Spring
924,925,52,Male,Socks,Clothing,78,Kansas,Beige,Winter
925,926,22,Male,Jeans,Clothing,88,Arizona,Teal,Winter
926,927,54,Male,Jeans,Clothing,63,Massachusetts,Green,Spring
927,928,28,Male,Sneakers,Footwear,78,New Mexico,Black,Summer
928,929,67,Male,Dress,Clothing,37,Arkansas,Yellow,Winter
929,930,59,Male,Boots,Footwear,94,Nebraska,White,Fall
930,931,26,Male,T-shirt,Clothing,78,Hawaii,Green,Fall
931,932,24,Male,Coat,Outerwear,36,Nebraska,Silver,Winter
932,933,62,Male,Skirt,Clothing,24,Indiana,Blue,Winter
933,934,70,Male,Sneakers,Footwear,84,Colorado,Magenta,Spring
934,935,45,Male,Jeans,Clothing,47,Oregon,Yellow,Spring
935,936,58,Male,Hoodie,Clothing,51,Ohio,White,Fall
936,937,31,Male,Shoes,Footwear,84,Maine,Pink,Summer
937,938,32,Male,Shorts,Clothing,24,Iowa,Magenta,Summer
938,939,36,Male,Blouse,Clothing,97,Wisconsin,Teal,Fall
939,940,25,Male,T-shirt,Clothing,89,New York,Indigo,Winter
940,941,48,Male,Belt,Accessories,44,Colorado,Maroon,Spring
941,942,39,Male,Handbag,Accessories,35,Illinois,Black,Winter
942,943,26,Male,Dress,Clothing,91,Arizona,Cyan,Winter
943,944,32,Male,Hat,Accessories,63,Oklahoma,Cyan,Winter
944,945,54,Male,Belt,Accessories,97,Indiana,Gray,Spring
945,946,38,Male,Boots,Footwear,38,Minnesota,Violet,Summer
946,947,46,Male,Coat,Outerwear,24,Pennsylvania,Blue,Spring
947,948,57,Male,Blouse,Clothing,32,Indiana,Charcoal,Winter
948,949,49,Male,Hat,Accessories,90,Alabama,Olive,Summer
949,950,33,Male,Jeans,Clothing,36,Montana,Olive,Summer
950,951,54,Male,Backpack,Accessories,37,New Mexico,Turquoise,Winter
951,952,47,Male,Dress,Clothing,51,Alaska,Cyan,Summer
952,953,36,Male,Hat,Accessories,71,Idaho,Red,Fall
953,954,68,Male,Sunglasses,Accessories,50,Utah,Cyan,Spring
954,955,60,Male,Hat,Accessories,74,Louisiana,Turquoise,Fall
955,956,55,Male,Dress,Clothing,75,Mississippi,Lavender,Summer
956,957,29,Male,Shirt,Clothing,99,Mississippi,Cyan,Spring
957,958,38,Male,Scarf,Accessories,23,Indiana,Violet,Spring
958,959,70,Male,Sneakers,Footwear,53,Washington,Beige,Winter
959,960,36,Male,Skirt,Clothing,99,Nevada,Cyan,Spring
960,961,18,Male,Jewelry,Accessories,48,Louisiana,Indigo,Spring
961,962,62,Male,Boots,Footwear,72,Pennsylvania,Olive,Fall
962,963,29,Male,Sunglasses,Accessories,64,Michigan,Green,Spring
963,964,21,Male,Boots,Footwear,63,South Carolina,Green,Spring
964,965,42,Male,Sandals,Footwear,51,Arizona,Beige,Spring
965,966,43,Male,Boots,Footwear,55,Delaware,Black,Spring
966,967,58,Male,Dress,Clothing,55,Kentucky,Brown,Spring
967,968,27,Male,Hoodie,Clothing,26,Georgia,Silver,Summer
968,969,57,Male,Shorts,Clothing,67,North Carolina,Gray,Summer
969,970,40,Male,Coat,Outerwear,31,California,Pink,Fall
970,971,45,Male,Jeans,Clothing,66,California,Maroon,Winter
971,972,47,Male,Sunglasses,Accessories,67,Indiana,Cyan,Summer
972,973,61,Male,Sneakers,Footwear,61,Colorado,Gold,Winter
973,974,60,Male,Jacket,Outerwear,75,Colorado,Teal,Fall
974,975,69,Male,Skirt,Clothing,90,North Carolina,Beige,Spring
975,976,58,Male,Sweater,Clothing,40,Washington,Olive,Summer
976,977,34,Male,T-shirt,Clothing,90,Florida,Gray,Fall
977,978,20,Male,Belt,Accessories,20,Washington,Black,Spring
978,979,56,Male,Gloves,Accessories,40,Colorado,Turquoise,Summer
979,980,64,Male,Hat,Accessories,33,New Hampshire,Brown,Fall
980,981,56,Male,Boots,Footwear,98,Maryland,Magenta,Spring
981,982,27,Male,Belt,Accessories,42,Maryland,Silver,Spring
982,983,35,Male,Coat,Outerwear,62,Texas,Red,Summer
983,984,24,Male,Hat,Accessories,45,New Mexico,Indigo,Winter
984,985,26,Male,Shoes,Footwear,78,Utah,Green,Summer
985,986,32,Male,Handbag,Accessories,80,West Virginia,Gray,Fall
986,987,54,Male,Scarf,Accessories,96,Connecticut,Peach,Spring
987,988,62,Male,Handbag,Accessories,47,West Virginia,Charcoal,Summer
988,989,50,Male,Pants,Clothing,84,Ohio,Orange,Winter
989,990,70,Male,Shoes,Footwear,31,Texas,Beige,Spring
990,991,48,Male,Sunglasses,Accessories,63,Washington,Yellow,Spring
991,992,20,Male,Shorts,Clothing,97,Wisconsin,White,Spring
992,993,46,Male,Jacket,Outerwear,99,Louisiana,Gray,Winter
993,994,51,Male,Sandals,Footwear,90,Iowa,Peach,Winter
994,995,53,Male,Shoes,Footwear,68,New York,Violet,Fall
995,996,44,Male,Jewelry,Accessories,80,Idaho,Magenta,Spring
996,997,29,Male,Sandals,Footwear,91,Delaware,Maroon,Summer
997,998,64,Male,Pants,Clothing,30,Kentucky,Cyan,Spring
998,999,51,Male,Shoes,Footwear,90,Connecticut,White,Spring
999,1000,50,Male,Socks,Clothing,28,New Mexico,Brown,Spring
1000,1001,43,Male,Socks,Clothing,46,Georgia,Red,Winter
1001,1002,61,Male,Dress,Clothing,60,Washington,Orange,Fall
1002,1003,55,Male,Shoes,Footwear,59,North Dakota,White,Spring
1003,1004,56,Male,Hat,Accessories,68,Ohio,Green,Fall
1004,1005,33,Male,Backpack,Accessories,79,Tennessee,Black,Summer
1005,1006,43,Male,Backpack,Accessories,94,New York,Gold,Winter
1006,1007,21,Male,Pants,Clothing,83,Michigan,Lavender,Summer
1007,1008,58,Male,Gloves,Accessories,62,Georgia,Turquoise,Spring
1008,1009,41,Male,Scarf,Accessories,85,New Mexico,Pink,Spring
1009,1010,39,Male,Hoodie,Clothing,30,Louisiana,Silver,Summer
1010,1011,54,Male,Jeans,Clothing,24,South Dakota,Gray,Spring
1011,1012,43,Male,Backpack,Accessories,25,Montana,Indigo,Spring
1012,1013,28,Male,Sandals,Footwear,37,New Mexico,Teal,Summer
1013,1014,59,Male,Belt,Accessories,69,South Carolina,Green,Summer
1014,1015,28,Male,Shoes,Footwear,97,Ohio,Violet,Summer
1015,1016,68,Male,Gloves,Accessories,24,North Carolina,Cyan,Summer
1016,1017,20,Male,Belt,Accessories,30,Idaho,Blue,Summer
1017,1018,21,Male,Jacket,Outerwear,53,Oklahoma,Orange,Fall
1018,1019,50,Male,Dress,Clothing,70,Georgia,Charcoal,Spring
1019,1020,32,Male,Shirt,Clothing,76,Kentucky,Beige,Winter
1020,1021,24,Male,Scarf,Accessories,95,Delaware,Black,Fall
1021,1022,55,Male,Coat,Outerwear,51,Massachusetts,Lavender,Winter
1022,1023,61,Male,Handbag,Accessories,41,Nebraska,Lavender,Winter
1023,1024,61,Male,Sunglasses,Accessories,71,Maine,Turquoise,Winter
1024,1025,28,Male,T-shirt,Clothing,66,Pennsylvania,Purple,Summer
1025,1026,60,Male,Shirt,Clothing,84,Nebraska,Olive,Winter
1026,1027,49,Male,Handbag,Accessories,95,Virginia,Turquoise,Winter
1027,1028,33,Male,Jewelry,Accessories,90,Ohio,Teal,Summer
1028,1029,45,Male,Hoodie,Clothing,36,Nebraska,Lavender,Summer
1029,1030,29,Male,Gloves,Accessories,22,Ohio,Purple,Spring
1030,1031,58,Male,Coat,Outerwear,89,Kentucky,Blue,Winter
1031,1032,22,Male,Sandals,Footwear,50,Tennessee,Teal,Spring
1032,1033,55,Male,Boots,Footwear,36,Maine,Lavender,Fall
1033,1034,19,Male,Pants,Clothing,52,Montana,Silver,Spring
1034,1035,68,Male,Socks,Clothing,29,Maryland,Olive,Fall
1035,1036,61,Male,Blouse,Clothing,89,Georgia,Brown,Fall
1036,1037,68,Male,Handbag,Accessories,47,Hawaii,Yellow,Fall
1037,1038,52,Male,Jewelry,Accessories,25,Rhode Island,Brown,Spring
1038,1039,41,Male,Pants,Clothing,74,Nebraska,Cyan,Fall
1039,1040,29,Male,Belt,Accessories,46,Michigan,Magenta,Fall
1040,1041,68,Male,Jeans,Clothing,22,North Carolina,Magenta,Fall
1041,1042,36,Male,Shirt,Clothing,25,Minnesota,Orange,Summer
1042,1043,55,Male,Belt,Accessories,80,Maryland,Maroon,Spring
1043,1044,28,Male,Jeans,Clothing,76,Hawaii,Green,Spring
1044,1045,39,Male,Jeans,Clothing,30,Oregon,Teal,Summer
1045,1046,54,Male,Sweater,Clothing,79,New Mexico,Black,Fall
1046,1047,40,Male,Sneakers,Footwear,22,Illinois,Magenta,Winter
1047,1048,31,Male,Socks,Clothing,36,Utah,Olive,Fall
1048,1049,30,Male,Socks,Clothing,77,Maine,Yellow,Fall
1049,1050,45,Male,Sunglasses,Accessories,33,Virginia,Purple,Fall
1050,1051,48,Male,Sneakers,Footwear,64,Florida,Beige,Winter
1051,1052,45,Male,Socks,Clothing,53,Ohio,Indigo,Fall
1052,1053,60,Male,Shoes,Footwear,36,Virginia,Pink,Fall
1053,1054,59,Male,Blouse,Clothing,70,Kansas,Blue,Spring
1054,1055,18,Male,Shorts,Clothing,96,Arkansas,Cyan,Winter
1055,1056,70,Male,Jacket,Outerwear,27,Massachusetts,Orange,Spring
1056,1057,20,Male,Sweater,Clothing,64,Idaho,Black,Winter
1057,1058,65,Male,Jacket,Outerwear,23,Wisconsin,Maroon,Spring
1058,1059,29,Male,Scarf,Accessories,33,New Mexico,Violet,Summer
1059,1060,22,Male,Jacket,Outerwear,34,North Carolina,Beige,Winter
1060,1061,27,Male,Sweater,Clothing,35,Iowa,Gray,Summer
1061,1062,36,Male,Coat,Outerwear,62,Idaho,Gray,Summer
1062,1063,59,Male,Boots,Footwear,75,Ohio,Brown,Fall
1063,1064,62,Male,Hoodie,Clothing,29,Alabama,Indigo,Summer
1064,1065,34,Male,Hat,Accessories,28,Wyoming,Violet,Spring
1065,1066,59,Male,T-shirt,Clothing,20,Alabama,Blue,Spring
1066,1067,49,Male,Coat,Outerwear,96,Mississippi,Red,Winter
1067,1068,18,Male,Dress,Clothing,43,Pennsylvania,Peach,Summer
1068,1069,55,Male,Shirt,Clothing,94,Wyoming,Olive,Fall
1069,1070,38,Male,Skirt,Clothing,81,Maryland,White,Fall
1070,1071,50,Male,Jewelry,Accessories,75,North Carolina,Magenta,Summer
1071,1072,61,Male,Hat,Accessories,81,Pennsylvania,Beige,Summer
1072,1073,48,Male,Shorts,Clothing,92,Idaho,Gold,Fall
1073,1074,22,Male,Scarf,Accessories,96,California,Purple,Spring
1074,1075,48,Male,Jewelry,Accessories,71,Tennessee,White,Fall
1075,1076,57,Male,Sunglasses,Accessories,50,Missouri,Indigo,Summer
1076,1077,33,Male,Coat,Outerwear,72,North Dakota,Charcoal,Spring
1077,1078,58,Male,Jacket,Outerwear,28,West Virginia,Pink,Winter
1078,1079,37,Male,Sweater,Clothing,59,Arizona,Silver,Fall
1079,1080,18,Male,Coat,Outerwear,33,Oklahoma,Blue,Summer
1080,1081,65,Male,Scarf,Accessories,59,Pennsylvania,Blue,Fall
1081,1082,62,Male,Belt,Accessories,30,Idaho,Brown,Spring
1082,1083,54,Male,Hat,Accessories,85,South Carolina,Cyan,Winter
1083,1084,35,Male,Backpack,Accessories,97,Washington,Teal,Summer
1084,1085,34,Male,T-shirt,Clothing,36,Arkansas,Purple,Fall
1085,1086,25,Male,Jewelry,Accessories,85,Utah,Turquoise,Winter
1086,1087,53,Male,Sunglasses,Accessories,62,Alaska,Olive,Winter
1087,1088,45,Male,Jeans,Clothing,71,West Virginia,White,Winter
1088,1089,49,Male,Pants,Clothing,21,Louisiana,Turquoise,Winter
1089,1090,40,Male,Backpack,Accessories,61,Arizona,Silver,Spring
1090,1091,38,Male,Scarf,Accessories,58,Connecticut,Violet,Spring
1091,1092,44,Male,Sweater,Clothing,80,North Carolina,Lavender,Spring
1092,1093,68,Male,Jewelry,Accessories,50,South Dakota,Magenta,Spring
1093,1094,60,Male,Sneakers,Footwear,48,Delaware,Indigo,Winter
1094,1095,25,Male,Jewelry,Accessories,40,Connecticut,Black,Winter
1095,1096,19,Male,Coat,Outerwear,34,Tennessee,Peach,Summer
1096,1097,57,Male,Coat,Outerwear,46,New Hampshire,Beige,Fall
1097,1098,58,Male,Sunglasses,Accessories,27,Vermont,Black,Summer
1098,1099,49,Male,Handbag,Accessories,98,Idaho,Turquoise,Spring
1099,1100,19,Male,Sweater,Clothing,73,North Carolina,Peach,Fall
1100,1101,50,Male,Pants,Clothing,28,Nevada,Gold,Spring
1101,1102,30,Male,Gloves,Accessories,76,Delaware,Silver,Fall
1102,1103,52,Male,Sweater,Clothing,83,Texas,Peach,Fall
1103,1104,35,Male,Hoodie,Clothing,23,Tennessee,Charcoal,Spring
1104,1105,35,Male,Hat,Accessories,28,Delaware,Beige,Fall
1105,1106,33,Male,T-shirt,Clothing,83,Massachusetts,Olive,Spring
1106,1107,52,Male,Skirt,Clothing,96,Minnesota,Violet,Winter
1107,1108,69,Male,Sneakers,Footwear,62,Texas,Peach,Fall
1108,1109,27,Male,Shorts,Clothing,25,Nebraska,Teal,Fall
1109,1110,66,Male,Hoodie,Clothing,97,Oklahoma,Violet,Winter
1110,1111,28,Male,Hoodie,Clothing,61,Texas,Cyan,Fall
1111,1112,22,Male,Shoes,Footwear,66,New York,Olive,Summer
1112,1113,69,Male,Hoodie,Clothing,67,Washington,Pink,Spring
1113,1114,28,Male,Sunglasses,Accessories,80,Maryland,Purple,Summer
1114,1115,55,Male,Skirt,Clothing,25,New Hampshire,Violet,Fall
1115,1116,30,Male,Hat,Accessories,58,New York,Peach,Fall
1116,1117,67,Male,Backpack,Accessories,96,Hawaii,Charcoal,Winter
1117,1118,25,Male,Sunglasses,Accessories,77,California,Lavender,Spring
1118,1119,49,Male,Belt,Accessories,65,Indiana,Purple,Summer
1119,1120,34,Male,Jewelry,Accessories,36,Louisiana,Indigo,Spring
1120,1121,22,Male,Sneakers,Footwear,84,Pennsylvania,Magenta,Winter
1121,1122,63,Male,T-shirt,Clothing,58,Florida,Peach,Fall
1122,1123,70,Male,Handbag,Accessories,62,North Carolina,Charcoal,Spring
1123,1124,36,Male,Hat,Accessories,67,Massachusetts,Purple,Fall
1124,1125,42,Male,Sweater,Clothing,20,Iowa,Orange,Spring
1125,1126,27,Male,Sandals,Footwear,90,North Dakota,Lavender,Summer
1126,1127,23,Male,Scarf,Accessories,58,Iowa,Beige,Winter
1127,1128,50,Male,Shirt,Clothing,53,Delaware,Maroon,Spring
1128,1129,56,Male,Gloves,Accessories,30,New York,Charcoal,Winter
1129,1130,37,Male,Hoodie,Clothing,65,New Hampshire,White,Winter
1130,1131,67,Male,Jewelry,Accessories,41,Kentucky,Lavender,Summer
1131,1132,67,Male,Shirt,Clothing,73,Illinois,Black,Spring
1132,1133,50,Male,Hoodie,Clothing,98,North Carolina,Teal,Spring
1133,1134,36,Male,Shoes,Footwear,36,Connecticut,Magenta,Winter
1134,1135,62,Male,T-shirt,Clothing,81,Wisconsin,Brown,Summer
1135,1136,65,Male,Skirt,Clothing,90,Massachusetts,Peach,Winter
1136,1137,23,Male,Handbag,Accessories,83,Illinois,Cyan,Summer
1137,1138,46,Male,Shirt,Clothing,91,New Mexico,Pink,Winter
1138,1139,18,Male,Pants,Clothing,36,Iowa,Purple,Summer
1139,1140,58,Male,Coat,Outerwear,53,Alabama,Purple,Spring
1140,1141,31,Male,Jeans,Clothing,39,Maryland,White,Winter
1141,1142,39,Male,Gloves,Accessories,33,Ohio,Silver,Winter
1142,1143,69,Male,T-shirt,Clothing,76,Ohio,Green,Spring
1143,1144,68,Male,Boots,Footwear,23,Nevada,Teal,Winter
1144,1145,41,Male,Jeans,Clothing,54,South Carolina,Indigo,Fall
1145,1146,31,Male,Sneakers,Footwear,89,Nevada,Pink,Summer
1146,1147,48,Male,Sneakers,Footwear,38,Wisconsin,Indigo,Summer
1147,1148,59,Male,Hat,Accessories,36,Tennessee,Red,Winter
1148,1149,34,Male,Pants,Clothing,66,Florida,Violet,Spring
1149,1150,21,Male,Jewelry,Accessories,42,Georgia,Cyan,Spring
1150,1151,29,Male,Jewelry,Accessories,36,Kentucky,Red,Winter
1151,1152,41,Male,Blouse,Clothing,86,Ohio,Gray,Spring
1152,1153,62,Male,Handbag,Accessories,49,Connecticut,Gold,Fall
1153,1154,27,Male,Shirt,Clothing,41,Idaho,Pink,Summer
1154,1155,49,Male,Dress,Clothing,82,Georgia,Cyan,Spring
1155,1156,67,Male,T-shirt,Clothing,53,Tennessee,Red,Fall
1156,1157,20,Male,Shoes,Footwear,21,Hawaii,Gold,Summer
1157,1158,37,Male,Belt,Accessories,66,Maryland,Charcoal,Fall
1158,1159,69,Male,Belt,Accessories,89,Nevada,Orange,Summer
1159,1160,66,Male,Handbag,Accessories,55,New Hampshire,Blue,Fall
1160,1161,37,Male,Scarf,Accessories,42,North Dakota,Blue,Summer
1161,1162,63,Male,Shorts,Clothing,52,Oklahoma,Orange,Fall
1162,1163,47,Male,Sandals,Footwear,92,North Carolina,Blue,Winter
1163,1164,26,Male,Pants,Clothing,56,Tennessee,White,Summer
1164,1165,68,Male,Dress,Clothing,96,Montana,Green,Winter
1165,1166,51,Male,T-shirt,Clothing,64,Wisconsin,Silver,Winter
1166,1167,48,Male,Dress,Clothing,48,Connecticut,Lavender,Winter
1167,1168,60,Male,Socks,Clothing,83,New Jersey,Beige,Summer
1168,1169,68,Male,Scarf,Accessories,91,Mississippi,Violet,Summer
1169,1170,25,Male,Backpack,Accessories,94,Wyoming,Gray,Fall
1170,1171,57,Male,Skirt,Clothing,62,Illinois,Red,Spring
1171,1172,41,Male,Socks,Clothing,55,Louisiana,Lavender,Spring
1172,1173,59,Male,Coat,Outerwear,68,Oregon,Peach,Spring
1173,1174,44,Male,Jewelry,Accessories,76,South Dakota,Indigo,Winter
1174,1175,42,Male,Backpack,Accessories,31,Michigan,Black,Winter
1175,1176,35,Male,Belt,Accessories,81,New Jersey,Beige,Spring
1176,1177,36,Male,Dress,Clothing,83,Oregon,Red,Winter
1177,1178,54,Male,Skirt,Clothing,21,Iowa,Black,Spring
1178,1179,37,Male,Dress,Clothing,22,South Carolina,Teal,Spring
1179,1180,20,Male,T-shirt,Clothing,33,Indiana,Blue,Summer
1180,1181,23,Male,Skirt,Clothing,23,Oregon,Beige,Spring
1181,1182,61,Male,Shorts,Clothing,96,New York,Teal,Summer
1182,1183,37,Male,Jewelry,Accessories,21,New Mexico,Maroon,Spring
1183,1184,23,Male,Pants,Clothing,39,Louisiana,Yellow,Spring
1184,1185,63,Male,Belt,Accessories,73,South Carolina,Indigo,Fall
1185,1186,47,Male,Jeans,Clothing,64,Maine,Magenta,Spring
1186,1187,63,Male,Jeans,Clothing,68,Indiana,Beige,Summer
1187,1188,56,Male,Hat,Accessories,89,Iowa,Maroon,Fall
1188,1189,68,Male,Blouse,Clothing,29,Mississippi,Magenta,Summer
1189,1190,64,Male,Shirt,Clothing,97,Arkansas,Teal,Summer
1190,1191,62,Male,Shirt,Clothing,45,South Carolina,Orange,Winter
1191,1192,34,Male,T-shirt,Clothing,70,Indiana,Charcoal,Winter
1192,1193,49,Male,Coat,Outerwear,56,Florida,Turquoise,Summer
1193,1194,40,Male,Jacket,Outerwear,55,Alaska,Pink,Fall
1194,1195,50,Male,Hoodie,Clothing,46,New York,Teal,Winter
1195,1196,25,Male,Scarf,Accessories,95,Texas,White,Winter
1196,1197,30,Male,Belt,Accessories,88,North Dakota,Maroon,Winter
1197,1198,54,Male,Sneakers,Footwear,92,Vermont,Violet,Fall
1198,1199,40,Male,Socks,Clothing,49,New Jersey,Brown,Summer
1199,1200,49,Male,Sandals,Footwear,89,Maryland,Indigo,Fall
1200,1201,27,Male,Coat,Outerwear,22,Connecticut,Black,Winter
1201,1202,27,Male,Shoes,Footwear,61,Illinois,Black,Summer
1202,1203,48,Male,Scarf,Accessories,29,Maryland,Olive,Spring
1203,1204,40,Male,Sneakers,Footwear,82,Minnesota,Orange,Winter
1204,1205,67,Male,Belt,Accessories,94,Florida,Pink,Spring
1205,1206,52,Male,Handbag,Accessories,99,California,Olive,Spring
1206,1207,22,Male,Handbag,Accessories,59,Mississippi,Cyan,Fall
1207,1208,62,Male,Boots,Footwear,90,Washington,White,Summer
1208,1209,20,Male,Boots,Footwear,100,Wisconsin,Red,Winter
1209,1210,41,Male,Pants,Clothing,62,Pennsylvania,Blue,Winter
1210,1211,34,Male,Sunglasses,Accessories,78,Missouri,Olive,Fall
1211,1212,23,Male,Hoodie,Clothing,94,Oklahoma,Green,Spring
1212,1213,32,Male,Shoes,Footwear,74,Pennsylvania,Yellow,Summer
1213,1214,68,Male,Handbag,Accessories,52,Kentucky,Black,Spring
1214,1215,30,Male,Jacket,Outerwear,81,Vermont,Blue,Fall
1215,1216,66,Male,Blouse,Clothing,20,Oregon,Pink,Winter
1216,1217,62,Male,Pants,Clothing,32,Utah,Lavender,Summer
1217,1218,50,Male,Boots,Footwear,63,Nebraska,Cyan,Fall
1218,1219,55,Male,Boots,Footwear,79,Pennsylvania,Cyan,Spring
1219,1220,19,Male,Sweater,Clothing,23,Vermont,Gold,Winter
1220,1221,67,Male,Gloves,Accessories,64,Kentucky,Green,Winter
1221,1222,18,Male,Socks,Clothing,69,Iowa,Red,Winter
1222,1223,58,Male,Jeans,Clothing,69,Indiana,Magenta,Fall
1223,1224,69,Male,Pants,Clothing,24,Kansas,Red,Winter
1224,1225,62,Male,Shorts,Clothing,50,Illinois,Yellow,Summer
1225,1226,28,Male,Gloves,Accessories,97,North Carolina,Turquoise,Fall
1226,1227,53,Male,Sandals,Footwear,91,Ohio,Cyan,Fall
1227,1228,27,Male,Blouse,Clothing,37,Illinois,Yellow,Spring
1228,1229,55,Male,Jacket,Outerwear,55,Indiana,Yellow,Winter
1229,1230,34,Male,Jewelry,Accessories,52,Kansas,Maroon,Winter
1230,1231,25,Male,Hat,Accessories,80,Illinois,Brown,Spring
1231,1232,66,Male,Socks,Clothing,79,Pennsylvania,Gold,Spring
1232,1233,57,Male,Handbag,Accessories,23,New York,Charcoal,Summer
1233,1234,46,Male,Pants,Clothing,73,Utah,Beige,Winter
1234,1235,38,Male,Gloves,Accessories,99,New Jersey,Indigo,Fall
1235,1236,23,Male,Sweater,Clothing,22,Idaho,Red,Spring
1236,1237,42,Male,Hat,Accessories,68,New Mexico,White,Summer
1237,1238,25,Male,Dress,Clothing,92,Michigan,Charcoal,Spring
1238,1239,55,Male,Pants,Clothing,77,Wyoming,Violet,Winter
1239,1240,62,Male,Coat,Outerwear,37,New Jersey,Magenta,Spring
1240,1241,41,Male,Scarf,Accessories,79,New Jersey,White,Winter
1241,1242,58,Male,Hoodie,Clothing,51,Hawaii,Pink,Winter
1242,1243,56,Male,Socks,Clothing,27,Nevada,Lavender,Summer
1243,1244,25,Male,Blouse,Clothing,23,New Hampshire,Pink,Spring
1244,1245,70,Male,Socks,Clothing,76,Indiana,Silver,Summer
1245,1246,42,Male,Dress,Clothing,31,New York,Violet,Fall
1246,1247,27,Male,Hoodie,Clothing,60,Louisiana,Charcoal,Winter
1247,1248,65,Male,T-shirt,Clothing,99,Virginia,Charcoal,Spring
1248,1249,62,Male,Hat,Accessories,37,Wisconsin,Red,Winter
1249,1250,62,Male,Boots,Footwear,50,Oregon,Peach,Winter
1250,1251,52,Male,Jeans,Clothing,26,New Hampshire,Purple,Winter
1251,1252,56,Male,Shorts,Clothing,86,Indiana,Orange,Spring
1252,1253,28,Male,Sandals,Footwear,41,Massachusetts,Magenta,Fall
1253,1254,39,Male,Sandals,Footwear,23,Montana,Red,Winter
1254,1255,54,Male,Sneakers,Footwear,56,California,Black,Spring
1255,1256,30,Male,Hat,Accessories,68,Indiana,Peach,Fall
1256,1257,45,Male,Coat,Outerwear,48,West Virginia,Olive,Winter
1257,1258,68,Male,Dress,Clothing,67,Minnesota,Gold,Spring
1258,1259,47,Male,Boots,Footwear,87,Ohio,Gold,Spring
1259,1260,68,Male,Skirt,Clothing,64,Minnesota,Turquoise,Fall
1260,1261,63,Male,Shirt,Clothing,93,Virginia,Green,Spring
1261,1262,20,Male,Shirt,Clothing,29,Connecticut,Maroon,Summer
1262,1263,29,Male,Boots,Footwear,62,Tennessee,Brown,Winter
1263,1264,41,Male,Hoodie,Clothing,70,Delaware,Brown,Winter
1264,1265,52,Male,Sweater,Clothing,92,Vermont,Blue,Winter
1265,1266,32,Male,Shirt,Clothing,79,Louisiana,Lavender,Spring
1266,1267,20,Male,Blouse,Clothing,31,North Dakota,Peach,Fall
1267,1268,47,Male,T-shirt,Clothing,83,Oregon,Gray,Spring
1268,1269,23,Male,Jacket,Outerwear,88,Idaho,Charcoal,Winter
1269,1270,43,Male,Jewelry,Accessories,53,Vermont,Lavender,Spring
1270,1271,67,Male,Hoodie,Clothing,98,West Virginia,Green,Fall
1271,1272,70,Male,Jewelry,Accessories,57,Kentucky,Gray,Spring
1272,1273,35,Male,Sandals,Footwear,80,Wisconsin,Orange,Winter
1273,1274,41,Male,Jeans,Clothing,29,Mississippi,Silver,Spring
1274,1275,54,Male,Hat,Accessories,73,Missouri,Olive,Spring
1275,1276,55,Male,Sweater,Clothing,32,Arkansas,Turquoise,Fall
1276,1277,51,Male,Boots,Footwear,68,Wyoming,Turquoise,Spring
1277,1278,19,Male,Blouse,Clothing,97,Rhode Island,Green,Spring
1278,1279,28,Male,Shorts,Clothing,98,Utah,Violet,Fall
1279,1280,63,Male,Hoodie,Clothing,56,Maryland,Charcoal,Fall
1280,1281,30,Male,Pants,Clothing,78,Georgia,White,Winter
1281,1282,29,Male,Belt,Accessories,81,New Jersey,Olive,Spring
1282,1283,24,Male,Shirt,Clothing,68,New Hampshire,Violet,Winter
1283,1284,69,Male,Shirt,Clothing,94,Oregon,Violet,Winter
1284,1285,65,Male,Dress,Clothing,93,Arkansas,Black,Spring
1285,1286,64,Male,Gloves,Accessories,99,North Carolina,Charcoal,Fall
1286,1287,40,Male,Gloves,Accessories,49,West Virginia,Yellow,Winter
1287,1288,24,Male,Jeans,Clothing,28,Utah,Blue,Winter
1288,1289,66,Male,Belt,Accessories,93,South Dakota,Charcoal,Winter
1289,1290,35,Male,Jacket,Outerwear,24,New Hampshire,Red,Fall
1290,1291,67,Male,Skirt,Clothing,35,Maryland,Indigo,Spring
1291,1292,69,Male,Sandals,Footwear,68,South Dakota,Beige,Spring
1292,1293,26,Male,Belt,Accessories,61,Kentucky,Maroon,Summer
1293,1294,23,Male,Sweater,Clothing,74,Florida,Yellow,Fall
1294,1295,27,Male,Shirt,Clothing,64,Texas,Silver,Summer
1295,1296,30,Male,Sneakers,Footwear,60,New Mexico,Olive,Fall
1296,1297,48,Male,Jeans,Clothing,29,South Dakota,Teal,Spring
1297,1298,44,Male,Sandals,Footwear,85,New Jersey,Silver,Summer
1298,1299,29,Male,Pants,Clothing,81,Indiana,Indigo,Summer
1299,1300,29,Male,Belt,Accessories,23,Louisiana,Teal,Fall
1300,1301,67,Male,T-shirt,Clothing,100,West Virginia,Charcoal,Spring
1301,1302,42,Male,Shirt,Clothing,54,Maine,Orange,Fall
1302,1303,23,Male,Sneakers,Footwear,25,Idaho,Gold,Fall
1303,1304,34,Male,Blouse,Clothing,32,New York,Silver,Summer
1304,1305,64,Male,Backpack,Accessories,63,Montana,Orange,Spring
1305,1306,31,Male,Pants,Clothing,56,Mississippi,Peach,Spring
1306,1307,54,Male,Sweater,Clothing,33,Alaska,Brown,Winter
1307,1308,23,Male,Coat,Outerwear,32,Missouri,Black,Summer
1308,1309,59,Male,Dress,Clothing,38,Rhode Island,Red,Summer
1309,1310,32,Male,Blouse,Clothing,21,Hawaii,Lavender,Summer
1310,1311,43,Male,Hoodie,Clothing,59,South Carolina,Brown,Winter
1311,1312,32,Male,Shoes,Footwear,87,Tennessee,Maroon,Fall
1312,1313,66,Male,T-shirt,Clothing,79,Missouri,Violet,Winter
1313,1314,70,Male,Shoes,Footwear,28,Missouri,Lavender,Summer
1314,1315,42,Male,Boots,Footwear,67,Missouri,Magenta,Summer
1315,1316,56,Male,Shorts,Clothing,75,Mississippi,Green,Spring
1316,1317,28,Male,Belt,Accessories,32,Arkansas,Lavender,Spring
1317,1318,28,Male,Pants,Clothing,43,Kentucky,Green,Spring
1318,1319,52,Male,Shorts,Clothing,93,Connecticut,Maroon,Spring
1319,1320,65,Male,Sunglasses,Accessories,24,Oklahoma,Magenta,Spring
1320,1321,56,Male,Hat,Accessories,31,California,Teal,Fall
1321,1322,59,Male,T-shirt,Clothing,84,Missouri,Orange,Winter
1322,1323,23,Male,Pants,Clothing,74,Washington,Violet,Winter
1323,1324,58,Male,Shorts,Clothing,62,New York,Yellow,Spring
1324,1325,39,Male,Jewelry,Accessories,77,Indiana,Orange,Summer
1325,1326,28,Male,Backpack,Accessories,73,Oregon,Gold,Summer
1326,1327,40,Male,Shoes,Footwear,50,Texas,Indigo,Spring
1327,1328,52,Male,Coat,Outerwear,40,Florida,Turquoise,Winter
1328,1329,37,Male,Sweater,Clothing,97,Rhode Island,Orange,Winter
1329,1330,70,Male,Gloves,Accessories,63,Texas,Indigo,Fall
1330,1331,30,Male,Handbag,Accessories,65,Vermont,Charcoal,Fall
1331,1332,38,Male,Socks,Clothing,91,Maryland,Lavender,Spring
1332,1333,66,Male,Hoodie,Clothing,60,Alaska,Gold,Spring
1333,1334,29,Male,Pants,Clothing,69,Idaho,Lavender,Winter
1334,1335,46,Male,Coat,Outerwear,52,West Virginia,White,Spring
1335,1336,56,Male,Boots,Footwear,49,Nevada,Lavender,Fall
1336,1337,23,Male,Sneakers,Footwear,85,Oregon,Charcoal,Spring
1337,1338,37,Male,Sweater,Clothing,86,Tennessee,Silver,Spring
1338,1339,56,Male,Handbag,Accessories,51,Alabama,Yellow,Winter
1339,1340,36,Male,Belt,Accessories,56,Indiana,Olive,Winter
1340,1341,40,Male,Belt,Accessories,72,Idaho,Peach,Fall
1341,1342,26,Male,Hoodie,Clothing,27,Rhode Island,Yellow,Fall
1342,1343,57,Male,Sunglasses,Accessories,43,Arizona,Yellow,Summer
1343,1344,68,Male,Sneakers,Footwear,56,Florida,Indigo,Spring
1344,1345,56,Male,T-shirt,Clothing,37,New York,Violet,Fall
1345,1346,40,Male,Dress,Clothing,21,Nebraska,White,Fall
1346,1347,44,Male,Hoodie,Clothing,91,Mississippi,White,Winter
1347,1348,44,Male,Sweater,Clothing,95,Vermont,Cyan,Summer
1348,1349,19,Male,Belt,Accessories,54,Nebraska,Purple,Spring
1349,1350,21,Male,Socks,Clothing,36,South Carolina,Black,Spring
1350,1351,31,Male,Sunglasses,Accessories,71,Delaware,Orange,Fall
1351,1352,30,Male,Coat,Outerwear,31,Vermont,Maroon,Summer
1352,1353,65,Male,Hat,Accessories,89,Indiana,Orange,Spring
1353,1354,39,Male,Pants,Clothing,83,Oregon,Teal,Winter
1354,1355,64,Male,Backpack,Accessories,42,Maryland,Gray,Spring
1355,1356,59,Male,Shorts,Clothing,91,Florida,Blue,Summer
1356,1357,49,Male,Jacket,Outerwear,61,Indiana,Cyan,Spring
1357,1358,24,Male,Backpack,Accessories,66,Texas,Red,Summer
1358,1359,19,Male,Scarf,Accessories,22,Nebraska,Pink,Spring
1359,1360,27,Male,Hoodie,Clothing,68,North Carolina,Cyan,Winter
1360,1361,56,Male,Skirt,Clothing,43,Alabama,Black,Fall
1361,1362,49,Male,Dress,Clothing,32,Alabama,Beige,Fall
1362,1363,41,Male,Coat,Outerwear,46,Colorado,Gray,Fall
1363,1364,36,Male,Blouse,Clothing,90,Wisconsin,Red,Summer
1364,1365,68,Male,Hat,Accessories,75,Delaware,Yellow,Fall
1365,1366,28,Male,Handbag,Accessories,69,Indiana,Magenta,Winter
1366,1367,45,Male,Belt,Accessories,40,Iowa,Magenta,Fall
1367,1368,60,Male,Belt,Accessories,63,Iowa,Black,Fall
1368,1369,21,Male,Shirt,Clothing,36,Wisconsin,Orange,Summer
1369,1370,32,Male,Shoes,Footwear,75,Iowa,Green,Winter
1370,1371,27,Male,Scarf,Accessories,67,Montana,Peach,Summer
1371,1372,40,Male,Pants,Clothing,64,Mississippi,Charcoal,Spring
1372,1373,64,Male,Blouse,Clothing,61,Michigan,Gray,Fall
1373,1374,18,Male,Gloves,Accessories,40,Virginia,Turquoise,Winter
1374,1375,22,Male,Handbag,Accessories,97,New York,Red,Fall
1375,1376,42,Male,Sneakers,Footwear,31,Maine,Brown,Spring
1376,1377,57,Male,Sandals,Footwear,65,New Jersey,Pink,Spring
1377,1378,33,Male,Sunglasses,Accessories,54,Maryland,Olive,Spring
1378,1379,37,Male,Jacket,Outerwear,49,Kentucky,Lavender,Fall
1379,1380,21,Male,T-shirt,Clothing,64,Minnesota,Purple,Fall
1380,1381,51,Male,Sneakers,Footwear,35,Massachusetts,Beige,Winter
1381,1382,30,Male,Shoes,Footwear,86,Illinois,Green,Winter
1382,1383,68,Male,Jacket,Outerwear,55,Michigan,Brown,Winter
1383,1384,36,Male,Scarf,Accessories,58,Wisconsin,Beige,Spring
1384,1385,46,Male,Sneakers,Footwear,96,Alaska,Beige,Fall
1385,1386,41,Male,Jewelry,Accessories,64,Mississippi,Indigo,Fall
1386,1387,68,Male,Jacket,Outerwear,56,Oregon,Silver,Fall
1387,1388,21,Male,Blouse,Clothing,85,Maryland,Gold,Winter
1388,1389,62,Male,Dress,Clothing,23,Arkansas,Lavender,Spring
1389,1390,59,Male,Scarf,Accessories,72,Illinois,Orange,Fall
1390,1391,25,Male,Hat,Accessories,38,Arkansas,Maroon,Summer
1391,1392,53,Male,Blouse,Clothing,29,Mississippi,White,Winter
1392,1393,31,Male,Gloves,Accessories,46,Arkansas,Yellow,Spring
1393,1394,46,Male,Gloves,Accessories,58,Idaho,Yellow,Spring
1394,1395,26,Male,Coat,Outerwear,43,Iowa,Magenta,Fall
1395,1396,47,Male,Scarf,Accessories,32,West Virginia,Turquoise,Spring
1396,1397,37,Male,Pants,Clothing,30,Wisconsin,Lavender,Winter
1397,1398,55,Male,Sunglasses,Accessories,67,Massachusetts,Magenta,Summer
1398,1399,30,Male,Dress,Clothing,45,Texas,Cyan,Summer
1399,1400,19,Male,Hat,Accessories,81,Nebraska,Olive,Winter
1400,1401,36,Male,Backpack,Accessories,23,Nevada,Red,Fall
1401,1402,23,Male,Sandals,Footwear,59,Indiana,Blue,Fall
1402,1403,62,Male,Sunglasses,Accessories,21,North Dakota,White,Summer
1403,1404,26,Male,Backpack,Accessories,20,Georgia,Peach,Spring
1404,1405,36,Male,Jewelry,Accessories,28,New Mexico,Charcoal,Winter
1405,1406,33,Male,Socks,Clothing,100,New Hampshire,Peach,Winter
1406,1407,32,Male,Shirt,Clothing,46,Washington,Turquoise,Spring
1407,1408,56,Male,Handbag,Accessories,61,Nevada,Charcoal,Spring
1408,1409,58,Male,Blouse,Clothing,58,Maine,Yellow,Winter
1409,1410,34,Male,Backpack,Accessories,50,Idaho,Blue,Spring
1410,1411,61,Male,Hat,Accessories,93,Tennessee,Purple,Summer
1411,1412,48,Male,Skirt,Clothing,24,Louisiana,Green,Summer
1412,1413,25,Male,Shorts,Clothing,100,Michigan,Charcoal,Summer
1413,1414,51,Male,Blouse,Clothing,79,New Hampshire,Indigo,Fall
1414,1415,29,Male,Socks,Clothing,51,Minnesota,Black,Summer
1415,1416,54,Male,Belt,Accessories,90,Illinois,Blue,Winter
1416,1417,48,Male,Boots,Footwear,56,Idaho,Silver,Summer
1417,1418,62,Male,Shorts,Clothing,25,Montana,Brown,Spring
1418,1419,18,Male,Shirt,Clothing,75,Alabama,Violet,Summer
1419,1420,43,Male,Handbag,Accessories,75,Montana,Orange,Summer
1420,1421,22,Male,Jeans,Clothing,53,California,Gray,Summer
1421,1422,68,Male,Dress,Clothing,100,Pennsylvania,Gold,Spring
1422,1423,44,Male,Dress,Clothing,27,Texas,Charcoal,Fall
1423,1424,51,Male,Sandals,Footwear,60,Michigan,Black,Fall
1424,1425,66,Male,Jacket,Outerwear,23,Connecticut,Indigo,Fall
1425,1426,59,Male,Coat,Outerwear,40,Wyoming,White,Winter
1426,1427,60,Male,Pants,Clothing,38,Michigan,Yellow,Summer
1427,1428,31,Male,Backpack,Accessories,90,South Dakota,Orange,Summer
1428,1429,20,Male,Blouse,Clothing,97,North Dakota,Green,Summer
1429,1430,24,Male,Skirt,Clothing,38,Maryland,Gold,Fall
1430,1431,48,Male,Sandals,Footwear,30,Michigan,Orange,Summer
1431,1432,39,Male,Pants,Clothing,88,South Dakota,Cyan,Fall
1432,1433,34,Male,Hat,Accessories,33,Florida,Black,Winter
1433,1434,70,Male,Hoodie,Clothing,60,Minnesota,Yellow,Winter
1434,1435,59,Male,Sweater,Clothing,64,New York,Maroon,Summer
1435,1436,45,Male,Scarf,Accessories,95,Oregon,Black,Fall
1436,1437,35,Male,Sneakers,Footwear,83,Minnesota,Gray,Winter
1437,1438,69,Male,Boots,Footwear,97,Montana,Orange,Winter
1438,1439,58,Male,Coat,Outerwear,38,Washington,Cyan,Spring
1439,1440,25,Male,Boots,Footwear,48,New Mexico,Magenta,Summer
1440,1441,27,Male,Sandals,Footwear,76,Arizona,Pink,Spring
1441,1442,34,Male,Pants,Clothing,25,Nebraska,Turquoise,Summer
1442,1443,53,Male,Hoodie,Clothing,92,Idaho,Violet,Spring
1443,1444,58,Male,Sandals,Footwear,47,Idaho,Teal,Fall
1444,1445,32,Male,Sweater,Clothing,36,Vermont,Pink,Fall
1445,1446,64,Male,Belt,Accessories,51,Arkansas,Gold,Fall
1446,1447,63,Male,Jeans,Clothing,35,Wyoming,Red,Summer
1447,1448,23,Male,Hoodie,Clothing,57,New Mexico,Beige,Summer
1448,1449,64,Male,Boots,Footwear,95,West Virginia,Black,Summer
1449,1450,18,Male,Socks,Clothing,41,New York,Lavender,Winter
1450,1451,25,Male,Dress,Clothing,44,Illinois,Teal,Winter
1451,1452,54,Male,Jacket,Outerwear,34,Utah,Maroon,Fall
1452,1453,60,Male,Jacket,Outerwear,25,Colorado,Blue,Spring
1453,1454,36,Male,Boots,Footwear,93,Virginia,Teal,Winter
1454,1455,66,Male,Sneakers,Footwear,50,Georgia,Maroon,Winter
1455,1456,60,Male,Pants,Clothing,79,Alabama,Silver,Fall
1456,1457,59,Male,Coat,Outerwear,100,Montana,Olive,Spring
1457,1458,58,Male,Shirt,Clothing,57,Pennsylvania,Gray,Spring
1458,1459,35,Male,Sweater,Clothing,28,Missouri,Peach,Spring
1459,1460,20,Male,Shoes,Footwear,35,Maine,Yellow,Winter
1460,1461,70,Male,Boots,Footwear,85,Pennsylvania,Violet,Fall
1461,1462,54,Male,Sunglasses,Accessories,95,Oregon,Red,Summer
1462,1463,38,Male,Sneakers,Footwear,90,Utah,Charcoal,Summer
1463,1464,54,Male,Jewelry,Accessories,49,Oklahoma,Beige,Summer
1464,1465,33,Male,Belt,Accessories,92,Montana,Peach,Winter
1465,1466,46,Male,Gloves,Accessories,72,Nebraska,Violet,Winter
1466,1467,58,Male,Shorts,Clothing,71,Alabama,Green,Summer
1467,1468,30,Male,Jewelry,Accessories,27,Ohio,Olive,Winter
1468,1469,42,Male,Gloves,Accessories,39,Arkansas,Silver,Fall
1469,1470,28,Male,Jewelry,Accessories,98,Mississippi,Purple,Winter
1470,1471,43,Male,Sandals,Footwear,27,California,Silver,Spring
1471,1472,31,Male,Jewelry,Accessories,71,Alaska,Gray,Spring
1472,1473,39,Male,Hat,Accessories,24,Indiana,Turquoise,Spring
1473,1474,69,Male,Shorts,Clothing,63,Wisconsin,Violet,Fall
1474,1475,31,Male,Sweater,Clothing,72,New Jersey,Pink,Fall
1475,1476,44,Male,Blouse,Clothing,61,Rhode Island,Teal,Spring
1476,1477,39,Male,Hat,Accessories,56,Wyoming,Magenta,Fall
1477,1478,24,Male,Belt,Accessories,32,Oregon,Silver,Summer
1478,1479,28,Male,Gloves,Accessories,23,Washington,Blue,Summer
1479,1480,48,Male,Coat,Outerwear,100,Washington,Black,Spring
1480,1481,39,Male,Jewelry,Accessories,74,New Hampshire,Gold,Fall
1481,1482,64,Male,Skirt,Clothing,33,Maryland,Gray,Spring
1482,1483,28,Male,Gloves,Accessories,67,Wisconsin,Magenta,Spring
1483,1484,39,Male,Jewelry,Accessories,61,Massachusetts,Yellow,Summer
1484,1485,49,Male,Shorts,Clothing,46,Nebraska,Teal,Summer
1485,1486,22,Male,Gloves,Accessories,56,Nebraska,Red,Spring
1486,1487,25,Male,Sneakers,Footwear,73,Idaho,Yellow,Spring
1487,1488,40,Male,Skirt,Clothing,44,Arizona,Black,Summer
1488,1489,23,Male,Hat,Accessories,44,Hawaii,Pink,Winter
1489,1490,24,Male,Jewelry,Accessories,26,Missouri,Magenta,Summer
1490,1491,66,Male,Sneakers,Footwear,52,Louisiana,Olive,Spring
1491,1492,27,Male,Shirt,Clothing,54,Arkansas,Black,Summer
1492,1493,62,Male,Jacket,Outerwear,38,North Carolina,Maroon,Summer
1493,1494,70,Male,Belt,Accessories,44,North Dakota,Gold,Fall
1494,1495,43,Male,T-shirt,Clothing,76,Montana,Gray,Spring
1495,1496,45,Male,Jewelry,Accessories,23,Rhode Island,Brown,Winter
1496,1497,63,Male,T-shirt,Clothing,98,Idaho,Purple,Winter
1497,1498,69,Male,Jacket,Outerwear,33,Michigan,Magenta,Spring
1498,1499,59,Male,Sweater,Clothing,32,Illinois,Teal,Summer
1499,1500,19,Male,Boots,Footwear,85,Georgia,Olive,Fall
1500,1501,63,Male,Jeans,Clothing,69,Alabama,Maroon,Summer
1501,1502,37,Male,Jeans,Clothing,55,Alaska,Silver,Spring
1502,1503,37,Male,Pants,Clothing,66,Massachusetts,Black,Summer
1503,1504,50,Male,Jacket,Outerwear,30,Michigan,Maroon,Fall
1504,1505,60,Male,Jacket,Outerwear,80,Alaska,Teal,Winter
1505,1506,46,Male,Belt,Accessories,20,North Dakota,Teal,Summer
1506,1507,35,Male,Shirt,Clothing,30,South Carolina,Beige,Fall
1507,1508,66,Male,Dress,Clothing,86,Pennsylvania,Maroon,Winter
1508,1509,35,Male,Blouse,Clothing,84,Colorado,Beige,Spring
1509,1510,20,Male,Dress,Clothing,54,New Hampshire,White,Summer
1510,1511,55,Male,Blouse,Clothing,30,Maryland,Gray,Fall
1511,1512,34,Male,Dress,Clothing,91,Georgia,Violet,Winter
1512,1513,60,Male,Sneakers,Footwear,23,Wisconsin,Silver,Winter
1513,1514,22,Male,Socks,Clothing,35,Texas,Red,Spring
1514,1515,26,Male,Shoes,Footwear,90,Utah,Brown,Winter
1515,1516,39,Male,Jeans,Clothing,93,Indiana,Turquoise,Fall
1516,1517,20,Male,Jeans,Clothing,68,Nevada,Indigo,Winter
1517,1518,57,Male,Gloves,Accessories,41,New Hampshire,Violet,Spring
1518,1519,68,Male,Belt,Accessories,73,New York,Yellow,Winter
1519,1520,50,Male,Sunglasses,Accessories,73,Texas,Cyan,Fall
1520,1521,21,Male,Hat,Accessories,66,Iowa,Brown,Summer
1521,1522,29,Male,Backpack,Accessories,59,Washington,White,Summer
1522,1523,38,Male,Shorts,Clothing,72,Tennessee,Yellow,Spring
1523,1524,54,Male,Socks,Clothing,88,Georgia,White,Summer
1524,1525,22,Male,Socks,Clothing,76,Massachusetts,Pink,Summer
1525,1526,29,Male,Belt,Accessories,31,Oregon,Indigo,Winter
1526,1527,41,Male,Jacket,Outerwear,22,Oklahoma,White,Summer
1527,1528,26,Male,Hat,Accessories,75,Wisconsin,Red,Fall
1528,1529,69,Male,T-shirt,Clothing,75,Oregon,Red,Spring
1529,1530,20,Male,Backpack,Accessories,63,Georgia,Lavender,Winter
1530,1531,59,Male,Coat,Outerwear,21,New Mexico,Teal,Spring
1531,1532,63,Male,Backpack,Accessories,83,Mississippi,Violet,Spring
1532,1533,68,Male,Jacket,Outerwear,46,Wisconsin,Silver,Winter
1533,1534,50,Male,Shoes,Footwear,59,New Hampshire,Gold,Summer
1534,1535,55,Male,Blouse,Clothing,66,Wyoming,Green,Summer
1535,1536,36,Male,Sandals,Footwear,74,West Virginia,Turquoise,Fall
1536,1537,18,Male,Sunglasses,Accessories,82,Michigan,Indigo,Summer
1537,1538,68,Male,Shoes,Footwear,89,Alaska,Black,Spring
1538,1539,56,Male,Dress,Clothing,65,Illinois,Charcoal,Fall
1539,1540,32,Male,Belt,Accessories,55,Hawaii,Turquoise,Spring
1540,1541,28,Male,Shorts,Clothing,95,Colorado,Red,Winter
1541,1542,24,Male,Handbag,Accessories,77,Illinois,Indigo,Winter
1542,1543,59,Male,Blouse,Clothing,44,Hawaii,Maroon,Winter
1543,1544,56,Male,Jeans,Clothing,89,Wisconsin,Indigo,Fall
1544,1545,30,Male,Jewelry,Accessories,24,Arkansas,Maroon,Spring
1545,1546,48,Male,Belt,Accessories,43,Delaware,Black,Winter
1546,1547,60,Male,Sneakers,Footwear,51,Oregon,Purple,Summer
1547,1548,46,Male,Hat,Accessories,46,South Carolina,Teal,Summer
1548,1549,69,Male,Dress,Clothing,32,Maryland,Silver,Summer
1549,1550,19,Male,Sneakers,Footwear,55,Kansas,Black,Spring
1550,1551,66,Male,Sunglasses,Accessories,26,Arkansas,Black,Summer
1551,1552,64,Male,Handbag,Accessories,29,Minnesota,Olive,Summer
1552,1553,54,Male,Blouse,Clothing,49,New Mexico,Purple,Spring
1553,1554,27,Male,Blouse,Clothing,45,Delaware,Indigo,Spring
1554,1555,64,Male,Shorts,Clothing,48,Utah,Lavender,Winter
1555,1556,43,Male,Shorts,Clothing,47,Ohio,Cyan,Winter
1556,1557,43,Male,Hoodie,Clothing,57,Alabama,Gold,Fall
1557,1558,27,Male,Backpack,Accessories,34,South Dakota,Magenta,Fall
1558,1559,35,Male,Sunglasses,Accessories,75,New Mexico,Teal,Fall
1559,1560,43,Male,Scarf,Accessories,94,Oregon,Beige,Fall
1560,1561,57,Male,Hat,Accessories,84,Oregon,Teal,Winter
1561,1562,50,Male,Scarf,Accessories,38,Mississippi,Indigo,Summer
1562,1563,37,Male,Scarf,Accessories,75,Alabama,Purple,Winter
1563,1564,68,Male,Pants,Clothing,44,Kansas,Teal,Fall
1564,1565,22,Male,Backpack,Accessories,33,California,Turquoise,Summer
1565,1566,58,Male,Sunglasses,Accessories,93,Idaho,Peach,Fall
1566,1567,48,Male,Sneakers,Footwear,99,Wyoming,Green,Winter
1567,1568,30,Male,Backpack,Accessories,33,Minnesota,Turquoise,Spring
1568,1569,51,Male,Sneakers,Footwear,76,Washington,Yellow,Spring
1569,1570,20,Male,Skirt,Clothing,63,Hawaii,Orange,Summer
1570,1571,30,Male,Pants,Clothing,41,Missouri,Brown,Winter
1571,1572,28,Male,Jewelry,Accessories,88,Colorado,Silver,Winter
1572,1573,37,Male,Skirt,Clothing,92,Washington,White,Summer
1573,1574,36,Male,T-shirt,Clothing,31,North Dakota,Indigo,Summer
1574,1575,18,Male,Skirt,Clothing,25,Minnesota,Magenta,Spring
1575,1576,52,Male,Shirt,Clothing,28,California,Turquoise,Spring
1576,1577,56,Male,Dress,Clothing,75,Michigan,White,Spring
1577,1578,68,Male,Boots,Footwear,34,Delaware,Olive,Spring
1578,1579,62,Male,Pants,Clothing,97,California,Maroon,Winter
1579,1580,35,Male,Jacket,Outerwear,80,Oklahoma,Violet,Summer
1580,1581,65,Male,Sneakers,Footwear,71,North Dakota,Cyan,Summer
1581,1582,69,Male,Jewelry,Accessories,77,Ohio,Teal,Fall
1582,1583,28,Male,Belt,Accessories,41,Hawaii,Red,Spring
1583,1584,37,Male,Scarf,Accessories,92,Maryland,Yellow,Summer
1584,1585,41,Male,Blouse,Clothing,95,Hawaii,Silver,Spring
1585,1586,37,Male,Sweater,Clothing,25,Alabama,Charcoal,Fall
1586,1587,25,Male,Boots,Footwear,77,Oklahoma,Purple,Fall
1587,1588,41,Male,Socks,Clothing,99,Alabama,Beige,Summer
1588,1589,48,Male,Belt,Accessories,24,Vermont,Cyan,Winter
1589,1590,42,Male,Sneakers,Footwear,72,Ohio,Silver,Summer
1590,1591,54,Male,Jeans,Clothing,80,Wisconsin,Pink,Winter
1591,1592,18,Male,Skirt,Clothing,100,South Dakota,Gold,Winter
1592,1593,56,Male,Shoes,Footwear,83,Iowa,Cyan,Summer
1593,1594,61,Male,Dress,Clothing,95,Maryland,Black,Spring
1594,1595,40,Male,Handbag,Accessories,41,Colorado,Charcoal,Summer
1595,1596,34,Male,Backpack,Accessories,35,Wisconsin,Magenta,Spring
1596,1597,42,Male,Jewelry,Accessories,30,Mississippi,Pink,Fall
1597,1598,43,Male,Hat,Accessories,21,Mississippi,Maroon,Winter
1598,1599,47,Male,Jewelry,Accessories,85,California,Teal,Fall
1599,1600,48,Male,Shirt,Clothing,54,Delaware,Orange,Winter
1600,1601,20,Male,Boots,Footwear,26,Montana,Yellow,Spring
1601,1602,65,Male,Shirt,Clothing,59,Indiana,Red,Spring
1602,1603,54,Male,Sunglasses,Accessories,48,West Virginia,Charcoal,Winter
1603,1604,23,Male,Shorts,Clothing,98,Iowa,Black,Summer
1604,1605,18,Male,Sweater,Clothing,92,Maine,White,Summer
1605,1606,70,Male,Belt,Accessories,46,Connecticut,Lavender,Winter
1606,1607,55,Male,T-shirt,Clothing,21,Kansas,White,Spring
1607,1608,49,Male,Shorts,Clothing,72,Vermont,Gray,Fall
1608,1609,26,Male,Sandals,Footwear,58,Nebraska,Cyan,Fall
1609,1610,33,Male,Shirt,Clothing,93,Nevada,Brown,Fall
1610,1611,20,Male,Socks,Clothing,31,Tennessee,Purple,Spring
1611,1612,41,Male,Pants,Clothing,26,Arkansas,Yellow,Winter
1612,1613,18,Male,Skirt,Clothing,68,Wisconsin,Indigo,Summer
1613,1614,26,Male,Jewelry,Accessories,31,Illinois,Black,Summer
1614,1615,30,Male,T-shirt,Clothing,41,Kansas,Gray,Summer
1615,1616,64,Male,Jewelry,Accessories,62,New York,Indigo,Fall
1616,1617,26,Male,Hat,Accessories,41,Colorado,Green,Spring
1617,1618,43,Male,Blouse,Clothing,64,Wisconsin,Peach,Winter
1618,1619,63,Male,Sandals,Footwear,72,Michigan,Purple,Summer
1619,1620,57,Male,Handbag,Accessories,78,Hawaii,Beige,Winter
1620,1621,25,Male,Hat,Accessories,47,Virginia,Charcoal,Winter
1621,1622,68,Male,Scarf,Accessories,46,Ohio,Gray,Summer
1622,1623,31,Male,Shorts,Clothing,43,Missouri,Brown,Winter
1623,1624,64,Male,Backpack,Accessories,58,Indiana,Cyan,Summer
1624,1625,38,Male,Sweater,Clothing,32,Florida,White,Winter
1625,1626,34,Male,Skirt,Clothing,45,Minnesota,Beige,Winter
1626,1627,32,Male,Sneakers,Footwear,35,Nevada,Orange,Summer
1627,1628,69,Male,Sunglasses,Accessories,21,Maine,Olive,Winter
1628,1629,45,Male,Dress,Clothing,64,Massachusetts,Teal,Winter
1629,1630,35,Male,Blouse,Clothing,88,North Dakota,Silver,Spring
1630,1631,63,Male,Shoes,Footwear,48,New Jersey,Gold,Summer
1631,1632,65,Male,Sweater,Clothing,36,Indiana,Violet,Summer
1632,1633,35,Male,Gloves,Accessories,28,Oregon,White,Summer
1633,1634,54,Male,Socks,Clothing,80,North Dakota,Peach,Spring
1634,1635,28,Male,Coat,Outerwear,23,South Carolina,Orange,Summer
1635,1636,68,Male,Sunglasses,Accessories,24,North Carolina,Violet,Summer
1636,1637,58,Male,Boots,Footwear,22,North Dakota,Green,Fall
1637,1638,35,Male,Dress,Clothing,21,Massachusetts,Peach,Spring
1638,1639,68,Male,Jacket,Outerwear,51,Tennessee,Black,Spring
1639,1640,41,Male,Gloves,Accessories,65,Missouri,Blue,Summer
1640,1641,65,Male,Scarf,Accessories,51,Tennessee,Magenta,Spring
1641,1642,50,Male,Hoodie,Clothing,32,Colorado,Violet,Summer
1642,1643,18,Male,Coat,Outerwear,70,Mississippi,Beige,Spring
1643,1644,38,Male,Scarf,Accessories,77,Ohio,Pink,Summer
1644,1645,68,Male,Coat,Outerwear,90,North Carolina,Beige,Summer
1645,1646,53,Male,Scarf,Accessories,36,Ohio,Green,Summer
1646,1647,58,Male,Handbag,Accessories,77,Nebraska,Silver,Summer
1647,1648,34,Male,Boots,Footwear,78,Hawaii,Purple,Summer
1648,1649,36,Male,Pants,Clothing,69,Oklahoma,Gray,Summer
1649,1650,58,Male,T-shirt,Clothing,63,Wisconsin,White,Summer
1650,1651,60,Male,Scarf,Accessories,36,Arkansas,Silver,Winter
1651,1652,59,Male,Coat,Outerwear,80,Texas,Blue,Winter
1652,1653,65,Male,Sweater,Clothing,35,New Mexico,Orange,Summer
1653,1654,31,Male,Belt,Accessories,93,Colorado,Silver,Winter
1654,1655,43,Male,Belt,Accessories,25,Indiana,Gray,Spring
1655,1656,37,Male,Sweater,Clothing,81,Arizona,Gold,Spring
1656,1657,21,Male,Blouse,Clothing,42,Indiana,Brown,Spring
1657,1658,69,Male,Skirt,Clothing,36,Indiana,Turquoise,Spring
1658,1659,32,Male,Jewelry,Accessories,66,Alaska,Pink,Spring
1659,1660,53,Male,Gloves,Accessories,37,Utah,Black,Fall
1660,1661,59,Male,T-shirt,Clothing,45,Louisiana,Yellow,Winter
1661,1662,64,Male,Gloves,Accessories,86,Iowa,Beige,Summer
1662,1663,63,Male,Sunglasses,Accessories,24,New Mexico,Olive,Winter
1663,1664,43,Male,Shirt,Clothing,22,Maine,Gold,Summer
1664,1665,19,Male,Handbag,Accessories,53,Minnesota,Purple,Spring
1665,1666,40,Male,Jacket,Outerwear,41,New Mexico,Pink,Fall
1666,1667,51,Male,Skirt,Clothing,64,Arkansas,Blue,Summer
1667,1668,51,Male,Handbag,Accessories,40,Oklahoma,Brown,Winter
1668,1669,66,Male,Blouse,Clothing,33,Utah,Charcoal,Summer
1669,1670,42,Male,T-shirt,Clothing,59,Wisconsin,Maroon,Winter
1670,1671,22,Male,Pants,Clothing,73,Utah,Cyan,Fall
1671,1672,31,Male,Hoodie,Clothing,22,Utah,Olive,Winter
1672,1673,18,Male,Boots,Footwear,73,South Carolina,Gold,Fall
1673,1674,21,Male,Blouse,Clothing,62,Hawaii,Violet,Fall
1674,1675,35,Male,Coat,Outerwear,56,Alaska,Peach,Winter
1675,1676,35,Male,Pants,Clothing,90,Colorado,Beige,Spring
1676,1677,27,Male,Sunglasses,Accessories,44,West Virginia,Cyan,Winter
1677,1678,65,Male,Jeans,Clothing,35,Oregon,Silver,Summer
1678,1679,41,Male,Pants,Clothing,71,Ohio,Magenta,Summer
1679,1680,60,Male,Dress,Clothing,52,Massachusetts,Black,Fall
1680,1681,61,Male,Shoes,Footwear,37,Louisiana,Olive,Summer
1681,1682,24,Male,Sneakers,Footwear,95,Virginia,Green,Winter
1682,1683,65,Male,Socks,Clothing,97,New York,Yellow,Fall
1683,1684,23,Male,Coat,Outerwear,57,Arkansas,Lavender,Spring
1684,1685,30,Male,Shirt,Clothing,93,New Mexico,Indigo,Spring
1685,1686,33,Male,Blouse,Clothing,48,Minnesota,Pink,Winter
1686,1687,22,Male,Gloves,Accessories,75,Illinois,Red,Fall
1687,1688,67,Male,Skirt,Clothing,70,Georgia,Magenta,Winter
1688,1689,28,Male,Handbag,Accessories,26,Mississippi,Peach,Winter
1689,1690,32,Male,Shirt,Clothing,73,North Carolina,Turquoise,Winter
1690,1691,40,Male,Coat,Outerwear,30,Nevada,Black,Summer
1691,1692,64,Male,Shoes,Footwear,61,Connecticut,Blue,Summer
1692,1693,56,Male,Handbag,Accessories,75,Utah,Beige,Winter
1693,1694,63,Male,Jacket,Outerwear,88,Tennessee,Olive,Fall
1694,1695,20,Male,Shirt,Clothing,67,Mississippi,Turquoise,Summer
1695,1696,54,Male,Hat,Accessories,95,Nebraska,Yellow,Fall
1696,1697,31,Male,Sunglasses,Accessories,69,West Virginia,Turquoise,Spring
1697,1698,36,Male,Shirt,Clothing,87,South Carolina,Lavender,Fall
1698,1699,25,Male,Belt,Accessories,41,Iowa,Turquoise,Winter
1699,1700,20,Male,Sweater,Clothing,67,North Dakota,Teal,Spring
1700,1701,62,Male,Hoodie,Clothing,70,West Virginia,Black,Fall
1701,1702,69,Male,Handbag,Accessories,41,Mississippi,Blue,Winter
1702,1703,54,Male,Jeans,Clothing,83,Alabama,Yellow,Summer
1703,1704,39,Male,Backpack,Accessories,22,California,Black,Spring
1704,1705,56,Male,Sneakers,Footwear,20,Idaho,Lavender,Summer
1705,1706,39,Male,Jewelry,Accessories,29,South Dakota,Cyan,Summer
1706,1707,37,Male,Sunglasses,Accessories,87,North Dakota,Brown,Spring
1707,1708,25,Male,Shorts,Clothing,81,Nevada,Maroon,Fall
1708,1709,35,Male,Boots,Footwear,58,Florida,Cyan,Spring
1709,1710,45,Male,Skirt,Clothing,83,Indiana,Pink,Winter
1710,1711,19,Male,Pants,Clothing,59,Arkansas,Orange,Fall
1711,1712,21,Male,T-shirt,Clothing,93,North Carolina,Lavender,Spring
1712,1713,65,Male,T-shirt,Clothing,87,Illinois,Beige,Fall
1713,1714,49,Male,Jacket,Outerwear,22,Missouri,Pink,Winter
1714,1715,30,Male,Jeans,Clothing,71,South Dakota,Charcoal,Summer
1715,1716,23,Male,Dress,Clothing,69,Idaho,Gray,Spring
1716,1717,69,Male,Blouse,Clothing,47,Connecticut,Cyan,Winter
1717,1718,29,Male,Hoodie,Clothing,50,Hawaii,Orange,Summer
1718,1719,54,Male,T-shirt,Clothing,96,Maryland,Pink,Winter
1719,1720,45,Male,Sweater,Clothing,39,Maryland,White,Winter
1720,1721,25,Male,Shorts,Clothing,84,Massachusetts,Beige,Winter
1721,1722,34,Male,Jewelry,Accessories,28,Delaware,Magenta,Spring
1722,1723,46,Male,T-shirt,Clothing,51,Massachusetts,Violet,Summer
1723,1724,70,Male,Scarf,Accessories,20,New York,Gold,Spring
1724,1725,42,Male,Shoes,Footwear,72,Delaware,Teal,Winter
1725,1726,45,Male,Sunglasses,Accessories,33,Massachusetts,Indigo,Spring
1726,1727,57,Male,Coat,Outerwear,28,Indiana,Olive,Summer
1727,1728,49,Male,Blouse,Clothing,53,Virginia,Violet,Spring
1728,1729,23,Male,Jeans,Clothing,48,Wyoming,Black,Fall
1729,1730,47,Male,Shorts,Clothing,21,Illinois,Brown,Winter
1730,1731,23,Male,Shirt,Clothing,22,Alabama,Silver,Fall
1731,1732,21,Male,Backpack,Accessories,87,Idaho,Gray,Fall
1732,1733,45,Male,Belt,Accessories,50,Rhode Island,Charcoal,Winter
1733,1734,67,Male,Blouse,Clothing,85,New York,Black,Summer
1734,1735,31,Male,Jeans,Clothing,98,Missouri,Brown,Spring
1735,1736,58,Male,Dress,Clothing,34,Texas,Purple,Winter
1736,1737,57,Male,Shorts,Clothing,61,Tennessee,Purple,Summer
1737,1738,42,Male,Jewelry,Accessories,98,Ohio,Gray,Summer
1738,1739,60,Male,Handbag,Accessories,61,Tennessee,Green,Spring
1739,1740,21,Male,Jewelry,Accessories,98,Minnesota,Silver,Winter
1740,1741,69,Male,Pants,Clothing,21,Wisconsin,Charcoal,Fall
1741,1742,41,Male,Pants,Clothing,51,Delaware,Teal,Winter
1742,1743,51,Male,Sandals,Footwear,80,Kansas,White,Spring
1743,1744,23,Male,Skirt,Clothing,72,Missouri,Brown,Winter
1744,1745,57,Male,Sunglasses,Accessories,63,Michigan,Teal,Winter
1745,1746,40,Male,Skirt,Clothing,27,West Virginia,Red,Winter
1746,1747,65,Male,Handbag,Accessories,44,Alabama,Brown,Summer
1747,1748,61,Male,Coat,Outerwear,23,New Hampshire,Yellow,Winter
1748,1749,34,Male,Skirt,Clothing,93,Montana,Teal,Winter
1749,1750,43,Male,Hoodie,Clothing,70,Wyoming,Pink,Fall
1750,1751,31,Male,Sunglasses,Accessories,85,Missouri,White,Fall
1751,1752,57,Male,Sweater,Clothing,40,Ohio,Silver,Winter
1752,1753,34,Male,Boots,Footwear,29,South Dakota,Blue,Winter
1753,1754,25,Male,Skirt,Clothing,27,Colorado,Black,Fall
1754,1755,66,Male,Dress,Clothing,93,Massachusetts,Beige,Fall
1755,1756,56,Male,Belt,Accessories,20,Delaware,Charcoal,Spring
1756,1757,49,Male,Jewelry,Accessories,55,New Hampshire,Cyan,Fall
1757,1758,19,Male,Dress,Clothing,94,Michigan,Yellow,Fall
1758,1759,27,Male,Hat,Accessories,56,Pennsylvania,Silver,Winter
1759,1760,68,Male,Sweater,Clothing,58,Louisiana,Green,Spring
1760,1761,20,Male,Skirt,Clothing,44,Minnesota,Peach,Spring
1761,1762,21,Male,Hoodie,Clothing,95,Hawaii,Green,Fall
1762,1763,36,Male,Sandals,Footwear,42,Idaho,Brown,Summer
1763,1764,37,Male,Jewelry,Accessories,93,Vermont,Lavender,Winter
1764,1765,61,Male,Dress,Clothing,56,Delaware,Charcoal,Summer
1765,1766,68,Male,Hoodie,Clothing,88,New Mexico,Orange,Spring
1766,1767,60,Male,Sweater,Clothing,54,Alaska,Cyan,Winter
1767,1768,69,Male,Jewelry,Accessories,89,Minnesota,Lavender,Fall
1768,1769,25,Male,Sandals,Footwear,45,Nebraska,Indigo,Summer
1769,1770,32,Male,Socks,Clothing,75,Alaska,Brown,Winter
1770,1771,53,Male,Backpack,Accessories,22,Michigan,Pink,Fall
1771,1772,46,Male,Shirt,Clothing,82,Indiana,Turquoise,Fall
1772,1773,58,Male,Shoes,Footwear,34,Hawaii,Gold,Summer
1773,1774,21,Male,Coat,Outerwear,92,West Virginia,Blue,Summer
1774,1775,46,Male,Sweater,Clothing,78,New York,Lavender,Spring
1775,1776,18,Male,Jacket,Outerwear,47,Iowa,Violet,Spring
1776,1777,56,Male,Jacket,Outerwear,64,Arizona,Cyan,Summer
1777,1778,18,Male,Sneakers,Footwear,44,Minnesota,Purple,Winter
1778,1779,49,Male,Belt,Accessories,94,Texas,Red,Winter
1779,1780,29,Male,Scarf,Accessories,62,Virginia,Charcoal,Winter
1780,1781,67,Male,Jewelry,Accessories,81,North Dakota,Gray,Summer
1781,1782,31,Male,T-shirt,Clothing,33,Iowa,Pink,Fall
1782,1783,52,Male,Pants,Clothing,88,Utah,Lavender,Fall
1783,1784,42,Male,Handbag,Accessories,49,Ohio,Lavender,Winter
1784,1785,32,Male,Backpack,Accessories,31,Louisiana,Yellow,Summer
1785,1786,47,Male,Gloves,Accessories,29,Iowa,Peach,Fall
1786,1787,45,Male,Jacket,Outerwear,34,Maryland,Brown,Spring
1787,1788,20,Male,Sweater,Clothing,38,Montana,Gold,Fall
1788,1789,66,Male,Blouse,Clothing,41,Illinois,Pink,Summer
1789,1790,52,Male,Blouse,Clothing,34,Arizona,Peach,Spring
1790,1791,50,Male,Gloves,Accessories,26,North Carolina,Violet,Summer
1791,1792,62,Male,Jeans,Clothing,98,Montana,Purple,Winter
1792,1793,38,Male,Sneakers,Footwear,59,Iowa,Peach,Fall
1793,1794,65,Male,Hat,Accessories,92,Iowa,White,Fall
1794,1795,60,Male,Backpack,Accessories,40,Ohio,Indigo,Spring
1795,1796,68,Male,Jeans,Clothing,20,Wisconsin,Violet,Fall
1796,1797,62,Male,Skirt,Clothing,35,South Carolina,Brown,Spring
1797,1798,62,Male,Belt,Accessories,35,Oregon,Maroon,Spring
1798,1799,40,Male,Dress,Clothing,82,North Dakota,Magenta,Winter
1799,1800,32,Male,Hoodie,Clothing,48,California,Charcoal,Fall
1800,1801,22,Male,Coat,Outerwear,58,Mississippi,Indigo,Winter
1801,1802,33,Male,Sweater,Clothing,57,New Jersey,Turquoise,Spring
1802,1803,57,Male,Shorts,Clothing,96,Rhode Island,Turquoise,Winter
1803,1804,60,Male,Sneakers,Footwear,97,New Hampshire,Gray,Summer
1804,1805,30,Male,Sweater,Clothing,42,Louisiana,Peach,Winter
1805,1806,41,Male,T-shirt,Clothing,62,Arizona,Gold,Spring
1806,1807,58,Male,Handbag,Accessories,67,Rhode Island,Green,Fall
1807,1808,34,Male,Sneakers,Footwear,46,Vermont,Gold,Summer
1808,1809,67,Male,Jacket,Outerwear,71,Tennessee,Lavender,Spring
1809,1810,58,Male,Backpack,Accessories,99,Alaska,Blue,Fall
1810,1811,41,Male,Jeans,Clothing,28,Maryland,Magenta,Fall
1811,1812,42,Male,Belt,Accessories,77,Wisconsin,Blue,Summer
1812,1813,50,Male,Boots,Footwear,63,Nevada,Blue,Summer
1813,1814,40,Male,Shorts,Clothing,62,Illinois,Olive,Spring
1814,1815,32,Male,Jeans,Clothing,92,Montana,White,Summer
1815,1816,51,Male,Shoes,Footwear,72,New Mexico,White,Winter
1816,1817,26,Male,Hat,Accessories,79,Virginia,Purple,Summer
1817,1818,32,Male,T-shirt,Clothing,27,Delaware,White,Summer
1818,1819,58,Male,Sunglasses,Accessories,39,North Carolina,White,Fall
1819,1820,51,Male,Socks,Clothing,86,Nevada,Peach,Spring
1820,1821,19,Male,Shirt,Clothing,94,Washington,Gold,Fall
1821,1822,57,Male,Shorts,Clothing,53,Maine,Teal,Spring
1822,1823,66,Male,Shirt,Clothing,85,Connecticut,Cyan,Summer
1823,1824,62,Male,Socks,Clothing,50,Louisiana,Pink,Fall
1824,1825,58,Male,Pants,Clothing,47,Illinois,Magenta,Winter
1825,1826,23,Male,Boots,Footwear,75,South Dakota,Pink,Winter
1826,1827,45,Male,T-shirt,Clothing,60,Indiana,Turquoise,Winter
1827,1828,20,Male,T-shirt,Clothing,36,Vermont,Pink,Spring
1828,1829,33,Male,Coat,Outerwear,80,New Hampshire,Gray,Spring
1829,1830,30,Male,Hat,Accessories,96,Oregon,White,Spring
1830,1831,50,Male,Sunglasses,Accessories,80,Kansas,Blue,Winter
1831,1832,62,Male,Blouse,Clothing,71,Maine,Cyan,Summer
1832,1833,69,Male,Jewelry,Accessories,29,Louisiana,Blue,Fall
1833,1834,34,Male,Jewelry,Accessories,53,Louisiana,Yellow,Spring
1834,1835,49,Male,Skirt,Clothing,35,Indiana,Charcoal,Summer
1835,1836,65,Male,Scarf,Accessories,75,Kentucky,Lavender,Fall
1836,1837,66,Male,Pants,Clothing,52,South Carolina,Teal,Fall
1837,1838,41,Male,Hat,Accessories,77,Montana,Beige,Winter
1838,1839,37,Male,Gloves,Accessories,24,Vermont,Blue,Fall
1839,1840,32,Male,Shirt,Clothing,78,Mississippi,Purple,Winter
1840,1841,42,Male,Sandals,Footwear,98,Wyoming,Gold,Winter
1841,1842,31,Male,Socks,Clothing,57,Vermont,Blue,Winter
1842,1843,61,Male,Handbag,Accessories,78,Alabama,Black,Summer
1843,1844,36,Male,Jacket,Outerwear,76,Kentucky,Charcoal,Fall
1844,1845,60,Male,Shorts,Clothing,26,South Dakota,Purple,Spring
1845,1846,51,Male,Sandals,Footwear,78,Delaware,Orange,Winter
1846,1847,68,Male,Scarf,Accessories,53,Wisconsin,Yellow,Summer
1847,1848,46,Male,Sandals,Footwear,100,Arizona,Cyan,Summer
1848,1849,19,Male,Jeans,Clothing,73,Maine,Yellow,Winter
1849,1850,30,Male,Skirt,Clothing,40,New Mexico,Maroon,Winter
1850,1851,51,Male,Gloves,Accessories,76,Wyoming,Black,Winter
1851,1852,28,Male,Skirt,Clothing,80,Delaware,Lavender,Fall
1852,1853,41,Male,Sweater,Clothing,80,Pennsylvania,Violet,Winter
1853,1854,29,Male,Blouse,Clothing,67,North Dakota,Olive,Spring
1854,1855,25,Male,Sweater,Clothing,61,Kentucky,Teal,Spring
1855,1856,60,Male,Shirt,Clothing,76,Rhode Island,Teal,Spring
1856,1857,63,Male,Jewelry,Accessories,55,Arizona,Beige,Summer
1857,1858,51,Male,T-shirt,Clothing,85,Colorado,Maroon,Summer
1858,1859,22,Male,Scarf,Accessories,69,Maine,Peach,Spring
1859,1860,54,Male,Belt,Accessories,26,New Jersey,Beige,Summer
1860,1861,18,Male,T-shirt,Clothing,64,Kansas,Silver,Summer
1861,1862,29,Male,Sneakers,Footwear,60,South Dakota,Peach,Fall
1862,1863,59,Male,Gloves,Accessories,36,New Hampshire,Turquoise,Winter
1863,1864,25,Male,Sandals,Footwear,21,Connecticut,Orange,Spring
1864,1865,19,Male,Backpack,Accessories,72,Wyoming,Cyan,Fall
1865,1866,56,Male,Pants,Clothing,62,Missouri,Silver,Summer
1866,1867,31,Male,T-shirt,Clothing,44,Alaska,Gold,Winter
1867,1868,45,Male,Skirt,Clothing,52,Delaware,Brown,Fall
1868,1869,23,Male,Gloves,Accessories,58,Indiana,Silver,Spring
1869,1870,18,Male,Blouse,Clothing,77,West Virginia,Beige,Spring
1870,1871,43,Male,Blouse,Clothing,99,Wyoming,Violet,Spring
1871,1872,56,Male,Jeans,Clothing,96,Illinois,Violet,Fall
1872,1873,43,Male,T-shirt,Clothing,64,Alaska,Lavender,Summer
1873,1874,64,Male,Sweater,Clothing,44,Wisconsin,Red,Fall
1874,1875,67,Male,Pants,Clothing,33,Indiana,Purple,Fall
1875,1876,63,Male,Boots,Footwear,71,Tennessee,Brown,Winter
1876,1877,54,Male,Skirt,Clothing,36,Illinois,Gray,Fall
1877,1878,69,Male,Gloves,Accessories,62,Pennsylvania,Pink,Fall
1878,1879,34,Male,Socks,Clothing,29,Oklahoma,Magenta,Summer
1879,1880,56,Male,T-shirt,Clothing,33,Tennessee,Charcoal,Spring
1880,1881,34,Male,Blouse,Clothing,33,New Jersey,Yellow,Fall
1881,1882,58,Male,Blouse,Clothing,41,New Jersey,Red,Winter
1882,1883,44,Male,Scarf,Accessories,54,Tennessee,Blue,Winter
1883,1884,25,Male,Backpack,Accessories,58,Georgia,Cyan,Spring
1884,1885,27,Male,Shorts,Clothing,30,Arizona,Pink,Summer
1885,1886,26,Male,Jewelry,Accessories,53,Nevada,Maroon,Winter
1886,1887,18,Male,Gloves,Accessories,91,Arkansas,Beige,Spring
1887,1888,64,Male,Hoodie,Clothing,44,North Dakota,Gold,Fall
1888,1889,62,Male,Hoodie,Clothing,89,South Dakota,Turquoise,Winter
1889,1890,59,Male,Skirt,Clothing,57,North Carolina,Peach,Spring
1890,1891,36,Male,Sunglasses,Accessories,57,Hawaii,Lavender,Spring
1891,1892,69,Male,Jewelry,Accessories,74,New Hampshire,Gray,Summer
1892,1893,39,Male,Jacket,Outerwear,30,California,Blue,Fall
1893,1894,28,Male,Dress,Clothing,20,Delaware,Red,Summer
1894,1895,42,Male,Hoodie,Clothing,90,Arizona,Purple,Fall
1895,1896,31,Male,Jeans,Clothing,61,Washington,Indigo,Fall
1896,1897,57,Male,Sandals,Footwear,51,Nevada,Gold,Fall
1897,1898,53,Male,Sunglasses,Accessories,97,Alaska,Teal,Winter
1898,1899,59,Male,Pants,Clothing,97,Texas,Magenta,Fall
1899,1900,32,Male,Shorts,Clothing,40,New York,Maroon,Winter
1900,1901,65,Male,Jewelry,Accessories,85,Iowa,Blue,Summer
1901,1902,56,Male,Socks,Clothing,76,Arizona,Beige,Winter
1902,1903,31,Male,Sandals,Footwear,22,New Mexico,Olive,Spring
1903,1904,59,Male,Pants,Clothing,63,North Carolina,Gold,Summer
1904,1905,22,Male,T-shirt,Clothing,71,Nevada,Silver,Spring
1905,1906,47,Male,Boots,Footwear,35,Idaho,Teal,Summer
1906,1907,23,Male,Backpack,Accessories,30,Vermont,Green,Spring
1907,1908,69,Male,Skirt,Clothing,74,New Mexico,Orange,Fall
1908,1909,18,Male,Scarf,Accessories,71,Georgia,Charcoal,Winter
1909,1910,50,Male,Sweater,Clothing,84,Kentucky,Black,Spring
1910,1911,29,Male,Sandals,Footwear,38,New York,Yellow,Fall
1911,1912,65,Male,Jewelry,Accessories,81,Arizona,Gray,Spring
1912,1913,29,Male,Sweater,Clothing,56,Colorado,Charcoal,Winter
1913,1914,49,Male,Skirt,Clothing,48,Kentucky,Peach,Winter
1914,1915,28,Male,Shorts,Clothing,97,Alaska,Green,Fall
1915,1916,51,Male,Backpack,Accessories,74,Alabama,Magenta,Fall
1916,1917,26,Male,Hoodie,Clothing,50,Connecticut,Beige,Winter
1917,1918,38,Male,Skirt,Clothing,71,Hawaii,Black,Winter
1918,1919,35,Male,Skirt,Clothing,33,Idaho,Purple,Summer
1919,1920,34,Male,Backpack,Accessories,56,Virginia,Olive,Summer
1920,1921,51,Male,Blouse,Clothing,84,Connecticut,Purple,Spring
1921,1922,47,Male,Shirt,Clothing,36,Michigan,Green,Fall
1922,1923,18,Male,Gloves,Accessories,63,Kentucky,Peach,Summer
1923,1924,64,Male,Sandals,Footwear,36,Nebraska,Blue,Summer
1924,1925,30,Male,Jacket,Outerwear,63,Michigan,Gray,Fall
1925,1926,59,Male,Sneakers,Footwear,32,Utah,Black,Winter
1926,1927,66,Male,Backpack,Accessories,93,New Mexico,Silver,Spring
1927,1928,40,Male,Pants,Clothing,29,Florida,Pink,Summer
1928,1929,25,Male,Sunglasses,Accessories,92,Mississippi,Lavender,Summer
1929,1930,59,Male,Jeans,Clothing,33,Hawaii,Brown,Fall
1930,1931,66,Male,Pants,Clothing,52,North Carolina,Turquoise,Spring
1931,1932,54,Male,Jewelry,Accessories,42,Illinois,Olive,Spring
1932,1933,42,Male,Hoodie,Clothing,36,Maryland,White,Spring
1933,1934,48,Male,Sandals,Footwear,67,Montana,Violet,Summer
1934,1935,34,Male,Jacket,Outerwear,43,Michigan,Gold,Winter
1935,1936,19,Male,Blouse,Clothing,68,North Carolina,Violet,Spring
1936,1937,70,Male,Jewelry,Accessories,60,Minnesota,Teal,Summer
1937,1938,43,Male,Socks,Clothing,53,Delaware,Olive,Summer
1938,1939,46,Male,Jeans,Clothing,23,Kentucky,Blue,Spring
1939,1940,66,Male,Gloves,Accessories,57,Ohio,Magenta,Winter
1940,1941,50,Male,Hat,Accessories,89,Alaska,Gray,Fall
1941,1942,55,Male,Shoes,Footwear,99,Vermont,Peach,Winter
1942,1943,63,Male,Pants,Clothing,28,Alabama,Cyan,Fall
1943,1944,32,Male,Socks,Clothing,53,Wisconsin,Violet,Summer
1944,1945,30,Male,Hoodie,Clothing,45,Arkansas,Gold,Winter
1945,1946,35,Male,Hoodie,Clothing,38,Georgia,Gold,Winter
1946,1947,59,Male,Pants,Clothing,49,Louisiana,White,Summer
1947,1948,59,Male,Shirt,Clothing,32,New York,Gray,Summer
1948,1949,54,Male,T-shirt,Clothing,37,Connecticut,Brown,Winter
1949,1950,63,Male,Dress,Clothing,80,Nebraska,Gray,Winter
1950,1951,43,Male,Backpack,Accessories,78,Arkansas,Blue,Summer
1951,1952,33,Male,Gloves,Accessories,53,Connecticut,Gold,Summer
1952,1953,57,Male,Shoes,Footwear,82,Maryland,Yellow,Summer
1953,1954,25,Male,Skirt,Clothing,33,Colorado,Green,Spring
1954,1955,26,Male,Gloves,Accessories,77,Colorado,Pink,Winter
1955,1956,50,Male,Hoodie,Clothing,56,Maine,Pink,Winter
1956,1957,70,Male,Socks,Clothing,37,Oklahoma,Pink,Winter
1957,1958,68,Male,Gloves,Accessories,54,South Carolina,Cyan,Spring
1958,1959,39,Male,Shorts,Clothing,67,Nevada,Gray,Winter
1959,1960,46,Male,Shoes,Footwear,90,Colorado,White,Fall
1960,1961,57,Male,Jeans,Clothing,72,Massachusetts,Red,Summer
1961,1962,47,Male,Boots,Footwear,59,Nevada,Black,Summer
1962,1963,40,Male,Hat,Accessories,45,Iowa,Silver,Fall
1963,1964,52,Male,Shorts,Clothing,30,Michigan,Pink,Spring
1964,1965,40,Male,Pants,Clothing,51,West Virginia,Cyan,Summer
1965,1966,67,Male,Sweater,Clothing,90,Indiana,White,Fall
1966,1967,67,Male,Jacket,Outerwear,95,Indiana,Purple,Winter
1967,1968,37,Male,Dress,Clothing,81,Georgia,Yellow,Fall
1968,1969,67,Male,Shirt,Clothing,70,Minnesota,Blue,Spring
1969,1970,64,Male,Dress,Clothing,32,Louisiana,Cyan,Winter
1970,1971,28,Male,Belt,Accessories,94,Maryland,Indigo,Spring
1971,1972,54,Male,Hat,Accessories,29,Pennsylvania,Indigo,Spring
1972,1973,54,Male,Backpack,Accessories,31,Louisiana,Silver,Summer
1973,1974,24,Male,Skirt,Clothing,20,Maryland,Red,Fall
1974,1975,27,Male,Gloves,Accessories,44,Tennessee,Peach,Winter
1975,1976,53,Male,Jacket,Outerwear,77,Illinois,Turquoise,Fall
1976,1977,32,Male,Handbag,Accessories,51,Wyoming,Pink,Spring
1977,1978,24,Male,Sandals,Footwear,49,Florida,Teal,Summer
1978,1979,45,Male,Sunglasses,Accessories,78,Massachusetts,Magenta,Spring
1979,1980,49,Male,Jeans,Clothing,98,Tennessee,Blue,Spring
1980,1981,51,Male,Sandals,Footwear,94,Iowa,Green,Winter
1981,1982,69,Male,Shoes,Footwear,91,Michigan,Violet,Summer
1982,1983,41,Male,Sunglasses,Accessories,77,Kansas,Turquoise,Summer
1983,1984,59,Male,Scarf,Accessories,97,Georgia,Pink,Summer
1984,1985,26,Male,Skirt,Clothing,58,West Virginia,Black,Summer
1985,1986,23,Male,Gloves,Accessories,97,Tennessee,Gold,Spring
1986,1987,62,Male,Coat,Outerwear,48,Arkansas,Green,Summer
1987,1988,69,Male,Belt,Accessories,23,Vermont,White,Summer
1988,1989,46,Male,Pants,Clothing,79,Virginia,Gold,Winter
1989,1990,35,Male,Jewelry,Accessories,42,Maryland,Charcoal,Spring
1990,1991,32,Male,Backpack,Accessories,95,Connecticut,White,Spring
1991,1992,46,Male,Sneakers,Footwear,29,Missouri,Brown,Summer
1992,1993,33,Male,Hoodie,Clothing,98,New Jersey,Gold,Winter
1993,1994,32,Male,Blouse,Clothing,96,Arkansas,Purple,Spring
1994,1995,33,Male,Sunglasses,Accessories,66,Nevada,Brown,Fall
1995,1996,67,Male,Boots,Footwear,80,Missouri,Teal,Spring
1996,1997,67,Male,Sneakers,Footwear,27,South Dakota,Indigo,Summer
1997,1998,42,Male,Backpack,Accessories,25,Connecticut,Purple,Fall
1998,1999,20,Male,Pants,Clothing,45,Vermont,Orange,Fall
1999,2000,39,Male,Socks,Clothing,89,Tennessee,Indigo,Winter
2000,2001,26,Male,Belt,Accessories,27,California,Lavender,Winter
2001,2002,51,Male,Sunglasses,Accessories,90,Wyoming,Purple,Winter
2002,2003,31,Male,Shirt,Clothing,65,New York,Red,Summer
2003,2004,68,Male,Sneakers,Footwear,72,Maine,Blue,Spring
2004,2005,44,Male,Shoes,Footwear,70,Georgia,Blue,Fall
2005,2006,18,Male,Sandals,Footwear,82,Tennessee,Cyan,Winter
2006,2007,58,Male,Scarf,Accessories,97,New Mexico,Pink,Fall
2007,2008,26,Male,Shirt,Clothing,25,Virginia,Silver,Summer
2008,2009,57,Male,Skirt,Clothing,48,Florida,Gray,Spring
2009,2010,37,Male,Boots,Footwear,99,Alabama,Indigo,Summer
2010,2011,24,Male,Sweater,Clothing,21,Texas,Maroon,Summer
2011,2012,57,Male,Sandals,Footwear,94,West Virginia,Beige,Spring
2012,2013,48,Male,Jeans,Clothing,53,Nevada,Green,Fall
2013,2014,39,Male,Backpack,Accessories,70,Virginia,Peach,Winter
2014,2015,51,Male,Skirt,Clothing,26,Wisconsin,Black,Summer
2015,2016,57,Male,Belt,Accessories,82,Virginia,Pink,Summer
2016,2017,53,Male,Shoes,Footwear,47,Maine,Violet,Winter
2017,2018,70,Male,Socks,Clothing,32,Massachusetts,Green,Winter
2018,2019,60,Male,Backpack,Accessories,97,Arkansas,Gold,Fall
2019,2020,31,Male,Shirt,Clothing,68,Idaho,Red,Winter
2020,2021,41,Male,Sweater,Clothing,23,Pennsylvania,Beige,Winter
2021,2022,62,Male,Handbag,Accessories,33,Maine,Green,Winter
2022,2023,59,Male,Jewelry,Accessories,38,Alabama,Black,Winter
2023,2024,46,Male,Socks,Clothing,68,Idaho,Teal,Winter
2024,2025,62,Male,Socks,Clothing,23,Arkansas,Silver,Fall
2025,2026,42,Male,Shirt,Clothing,29,Delaware,Turquoise,Summer
2026,2027,37,Male,Scarf,Accessories,35,Maine,Orange,Winter
2027,2028,50,Male,Shoes,Footwear,73,Nebraska,Gold,Fall
2028,2029,29,Male,Shoes,Footwear,84,Ohio,Purple,Fall
2029,2030,25,Male,Scarf,Accessories,23,Montana,Pink,Spring
2030,2031,66,Male,Sunglasses,Accessories,67,New Mexico,Green,Summer
2031,2032,21,Male,Socks,Clothing,51,North Carolina,Charcoal,Spring
2032,2033,46,Male,Blouse,Clothing,36,South Carolina,Maroon,Winter
2033,2034,57,Male,Jeans,Clothing,55,Illinois,Olive,Summer
2034,2035,61,Male,Shorts,Clothing,30,Alabama,Peach,Spring
2035,2036,53,Male,T-shirt,Clothing,70,Oklahoma,Yellow,Summer
2036,2037,37,Male,Blouse,Clothing,63,Minnesota,Lavender,Winter
2037,2038,39,Male,Belt,Accessories,87,Illinois,Green,Summer
2038,2039,53,Male,Blouse,Clothing,70,Arkansas,Orange,Spring
2039,2040,35,Male,T-shirt,Clothing,51,Minnesota,Olive,Spring
2040,2041,69,Male,Jewelry,Accessories,25,South Carolina,Gray,Spring
2041,2042,66,Male,Jacket,Outerwear,32,New York,Lavender,Winter
2042,2043,19,Male,Shoes,Footwear,52,Alabama,Red,Spring
2043,2044,47,Male,Gloves,Accessories,33,New York,Charcoal,Summer
2044,2045,49,Male,Jeans,Clothing,68,Missouri,Orange,Spring
2045,2046,31,Male,Jewelry,Accessories,20,Georgia,Red,Fall
2046,2047,39,Male,Pants,Clothing,32,Oklahoma,Maroon,Winter
2047,2048,58,Male,Jewelry,Accessories,82,Connecticut,Silver,Summer
2048,2049,45,Male,Sneakers,Footwear,64,Michigan,Pink,Winter
2049,2050,68,Male,Boots,Footwear,24,Rhode Island,Blue,Fall
2050,2051,35,Male,Hat,Accessories,96,Mississippi,Teal,Summer
2051,2052,65,Male,T-shirt,Clothing,94,Massachusetts,Black,Spring
2052,2053,45,Male,Backpack,Accessories,48,New Hampshire,Gray,Winter
2053,2054,19,Male,Sunglasses,Accessories,60,Wyoming,Purple,Spring
2054,2055,65,Male,Sweater,Clothing,56,New Jersey,Gold,Spring
2055,2056,28,Male,Handbag,Accessories,33,Texas,Silver,Fall
2056,2057,55,Male,Backpack,Accessories,46,Minnesota,Blue,Spring
2057,2058,66,Male,Socks,Clothing,37,South Dakota,Yellow,Spring
2058,2059,29,Male,Shirt,Clothing,98,Washington,Brown,Winter
2059,2060,56,Male,Shorts,Clothing,50,California,Beige,Spring
2060,2061,21,Male,Belt,Accessories,63,Wisconsin,Blue,Fall
2061,2062,32,Male,Sweater,Clothing,70,Michigan,Magenta,Summer
2062,2063,54,Male,Coat,Outerwear,63,South Carolina,Silver,Fall
2063,2064,61,Male,Shorts,Clothing,86,Indiana,Cyan,Fall
2064,2065,31,Male,Shoes,Footwear,99,Arkansas,Green,Summer
2065,2066,27,Male,Sneakers,Footwear,40,Oregon,Blue,Spring
2066,2067,64,Male,Sneakers,Footwear,92,Illinois,Olive,Fall
2067,2068,60,Male,Pants,Clothing,21,Maryland,Beige,Fall
2068,2069,70,Male,Jewelry,Accessories,81,Vermont,Black,Summer
2069,2070,36,Male,T-shirt,Clothing,82,Texas,Indigo,Fall
2070,2071,56,Male,Jewelry,Accessories,88,Nebraska,Red,Spring
2071,2072,69,Male,Jacket,Outerwear,100,South Carolina,Yellow,Fall
2072,2073,39,Male,Backpack,Accessories,66,Massachusetts,Beige,Winter
2073,2074,38,Male,Belt,Accessories,25,Texas,Green,Winter
2074,2075,36,Male,Scarf,Accessories,53,Florida,White,Summer
2075,2076,46,Male,Sweater,Clothing,28,South Carolina,Turquoise,Fall
2076,2077,59,Male,Gloves,Accessories,23,Florida,Indigo,Fall
2077,2078,64,Male,Scarf,Accessories,34,Nebraska,Orange,Fall
2078,2079,49,Male,Dress,Clothing,42,Hawaii,Blue,Spring
2079,2080,32,Male,Jeans,Clothing,24,Montana,Violet,Summer
2080,2081,29,Male,Sunglasses,Accessories,47,South Dakota,Gray,Fall
2081,2082,24,Male,Coat,Outerwear,78,Alabama,Cyan,Spring
2082,2083,41,Male,Jeans,Clothing,89,Arkansas,Yellow,Summer
2083,2084,41,Male,Scarf,Accessories,59,Mississippi,Orange,Fall
2084,2085,32,Male,Blouse,Clothing,94,Vermont,Brown,Summer
2085,2086,69,Male,Jeans,Clothing,49,New York,Teal,Fall
2086,2087,65,Male,Dress,Clothing,89,North Dakota,Beige,Summer
2087,2088,54,Male,Hat,Accessories,91,Wisconsin,Blue,Summer
2088,2089,39,Male,Sandals,Footwear,89,California,Orange,Spring
2089,2090,37,Male,Jacket,Outerwear,57,Maryland,Gold,Spring
2090,2091,51,Male,Socks,Clothing,71,Massachusetts,Teal,Winter
2091,2092,26,Male,Jeans,Clothing,97,Washington,Beige,Fall
2092,2093,42,Male,Sandals,Footwear,45,Minnesota,Silver,Fall
2093,2094,21,Male,Dress,Clothing,91,Washington,Maroon,Spring
2094,2095,53,Male,Socks,Clothing,25,South Carolina,Indigo,Spring
2095,2096,36,Male,Hoodie,Clothing,63,New Mexico,Gray,Fall
2096,2097,21,Male,Dress,Clothing,52,North Carolina,Blue,Summer
2097,2098,33,Male,Sneakers,Footwear,43,Iowa,Cyan,Winter
2098,2099,49,Male,T-shirt,Clothing,28,Louisiana,White,Summer
2099,2100,31,Male,T-shirt,Clothing,78,Oklahoma,Green,Summer
2100,2101,68,Male,Sweater,Clothing,31,Michigan,Silver,Spring
2101,2102,49,Male,Shirt,Clothing,23,Oregon,Blue,Winter
2102,2103,23,Male,Hat,Accessories,25,Idaho,Brown,Spring
2103,2104,30,Male,Pants,Clothing,86,Indiana,Red,Summer
2104,2105,53,Male,Shoes,Footwear,88,New Mexico,Gold,Spring
2105,2106,65,Male,Gloves,Accessories,35,South Carolina,Silver,Spring
2106,2107,60,Male,Jewelry,Accessories,34,Vermont,Gray,Fall
2107,2108,46,Male,Pants,Clothing,75,Delaware,Black,Winter
2108,2109,54,Male,Hoodie,Clothing,46,North Dakota,Beige,Winter
2109,2110,59,Male,Jewelry,Accessories,31,California,Peach,Fall
2110,2111,52,Male,Socks,Clothing,93,Montana,Cyan,Spring
2111,2112,41,Male,Sunglasses,Accessories,85,Missouri,Pink,Spring
2112,2113,43,Male,Belt,Accessories,68,Tennessee,Lavender,Fall
2113,2114,63,Male,Dress,Clothing,40,Virginia,Brown,Spring
2114,2115,37,Male,Shirt,Clothing,51,Vermont,Magenta,Winter
2115,2116,44,Male,Scarf,Accessories,85,Rhode Island,Violet,Winter
2116,2117,67,Male,Jacket,Outerwear,23,Kansas,Teal,Summer
2117,2118,27,Male,Dress,Clothing,28,Colorado,Brown,Summer
2118,2119,60,Male,Socks,Clothing,44,Georgia,Olive,Fall
2119,2120,58,Male,Jewelry,Accessories,57,Nebraska,Indigo,Spring
2120,2121,53,Male,Scarf,Accessories,98,Missouri,Red,Fall
2121,2122,43,Male,Backpack,Accessories,68,Alaska,Olive,Winter
2122,2123,32,Male,Jacket,Outerwear,36,Virginia,Teal,Fall
2123,2124,54,Male,Coat,Outerwear,71,Nebraska,Cyan,Spring
2124,2125,47,Male,Skirt,Clothing,60,Rhode Island,Teal,Fall
2125,2126,57,Male,Coat,Outerwear,87,New Hampshire,Beige,Fall
2126,2127,63,Male,Shoes,Footwear,38,Alabama,Magenta,Winter
2127,2128,70,Male,Boots,Footwear,45,North Carolina,Indigo,Spring
2128,2129,62,Male,Coat,Outerwear,47,New Mexico,Cyan,Fall
2129,2130,40,Male,Skirt,Clothing,57,Minnesota,Orange,Fall
2130,2131,25,Male,Backpack,Accessories,68,Arizona,Violet,Summer
2131,2132,19,Male,Shorts,Clothing,52,Montana,Red,Fall
2132,2133,25,Male,Skirt,Clothing,87,Vermont,Magenta,Fall
2133,2134,21,Male,Hat,Accessories,34,Maine,Olive,Summer
2134,2135,55,Male,Sandals,Footwear,41,Virginia,Maroon,Winter
2135,2136,34,Male,Sunglasses,Accessories,94,California,Yellow,Winter
2136,2137,47,Male,Sunglasses,Accessories,93,New York,Red,Summer
2137,2138,27,Male,Socks,Clothing,51,Indiana,Purple,Winter
2138,2139,67,Male,Sweater,Clothing,42,Mississippi,Teal,Fall
2139,2140,40,Male,Boots,Footwear,95,New York,Red,Winter
2140,2141,53,Male,Handbag,Accessories,90,New Mexico,Brown,Fall
2141,2142,24,Male,Dress,Clothing,98,Kentucky,Peach,Winter
2142,2143,47,Male,Hat,Accessories,39,North Dakota,Maroon,Winter
2143,2144,53,Male,Sandals,Footwear,66,Arkansas,Red,Fall
2144,2145,47,Male,Shoes,Footwear,23,Maryland,Orange,Winter
2145,2146,38,Male,Skirt,Clothing,73,Connecticut,White,Winter
2146,2147,48,Male,Sunglasses,Accessories,23,Utah,White,Summer
2147,2148,47,Male,Skirt,Clothing,43,Missouri,Charcoal,Fall
2148,2149,19,Male,T-shirt,Clothing,45,Nebraska,Turquoise,Winter
2149,2150,38,Male,Sandals,Footwear,21,Hawaii,Orange,Winter
2150,2151,57,Male,Shirt,Clothing,40,Illinois,Orange,Spring
2151,2152,70,Male,Jeans,Clothing,58,Vermont,Brown,Fall
2152,2153,38,Male,Shorts,Clothing,48,New Jersey,Magenta,Summer
2153,2154,35,Male,Shirt,Clothing,94,Kentucky,Violet,Fall
2154,2155,46,Male,Scarf,Accessories,74,Wyoming,Violet,Spring
2155,2156,32,Male,Handbag,Accessories,51,Hawaii,Yellow,Fall
2156,2157,38,Male,Skirt,Clothing,83,Missouri,Maroon,Winter
2157,2158,41,Male,Handbag,Accessories,68,Mississippi,Turquoise,Winter
2158,2159,19,Male,Gloves,Accessories,84,Massachusetts,Olive,Spring
2159,2160,18,Male,Shirt,Clothing,58,Louisiana,Peach,Fall
2160,2161,45,Male,Blouse,Clothing,92,West Virginia,Charcoal,Winter
2161,2162,23,Male,Dress,Clothing,69,Washington,Peach,Summer
2162,2163,60,Male,Shorts,Clothing,48,Oregon,Black,Summer
2163,2164,52,Male,Shoes,Footwear,60,New York,Gray,Spring
2164,2165,42,Male,Sandals,Footwear,20,Iowa,Olive,Winter
2165,2166,29,Male,Pants,Clothing,55,Idaho,Turquoise,Summer
2166,2167,31,Male,Jacket,Outerwear,88,New Jersey,Purple,Spring
2167,2168,30,Male,Skirt,Clothing,48,Ohio,Green,Winter
2168,2169,23,Male,Handbag,Accessories,74,Connecticut,Beige,Spring
2169,2170,31,Male,Coat,Outerwear,42,Florida,Brown,Fall
2170,2171,40,Male,Sweater,Clothing,32,South Carolina,Turquoise,Fall
2171,2172,39,Male,Shorts,Clothing,98,Missouri,Yellow,Summer
2172,2173,28,Male,Skirt,Clothing,89,Rhode Island,Lavender,Fall
2173,2174,23,Male,Gloves,Accessories,97,Delaware,Cyan,Summer
2174,2175,42,Male,Backpack,Accessories,49,Colorado,Olive,Spring
2175,2176,68,Male,Dress,Clothing,50,Nebraska,Silver,Spring
2176,2177,24,Male,Belt,Accessories,91,Vermont,Red,Winter
2177,2178,24,Male,Gloves,Accessories,93,Montana,Green,Winter
2178,2179,21,Male,Jewelry,Accessories,98,Florida,Gold,Summer
2179,2180,49,Male,Socks,Clothing,82,Delaware,Lavender,Fall
2180,2181,41,Male,Coat,Outerwear,37,Connecticut,Yellow,Summer
2181,2182,22,Male,Handbag,Accessories,63,Hawaii,Black,Fall
2182,2183,42,Male,Blouse,Clothing,99,New Mexico,Maroon,Winter
2183,2184,30,Male,Shorts,Clothing,37,Kansas,Maroon,Spring
2184,2185,38,Male,Shoes,Footwear,34,Nevada,Gold,Spring
2185,2186,40,Male,Shorts,Clothing,32,North Carolina,Violet,Winter
2186,2187,55,Male,Sandals,Footwear,23,New Mexico,Teal,Winter
2187,2188,37,Male,Blouse,Clothing,78,Idaho,Violet,Spring
2188,2189,41,Male,Coat,Outerwear,54,California,Brown,Winter
2189,2190,38,Male,Blouse,Clothing,94,Wisconsin,Brown,Fall
2190,2191,42,Male,Belt,Accessories,75,Alaska,Maroon,Spring
2191,2192,26,Male,Blouse,Clothing,69,Pennsylvania,Maroon,Summer
2192,2193,41,Male,Scarf,Accessories,35,Virginia,Yellow,Winter
2193,2194,27,Male,Shirt,Clothing,78,California,Turquoise,Spring
2194,2195,61,Male,Socks,Clothing,29,Kentucky,Silver,Summer
2195,2196,58,Male,Jeans,Clothing,62,New York,Brown,Fall
2196,2197,25,Male,Dress,Clothing,58,Vermont,Gray,Spring
2197,2198,33,Male,Boots,Footwear,88,Pennsylvania,Indigo,Summer
2198,2199,57,Male,Scarf,Accessories,80,New York,Turquoise,Summer
2199,2200,39,Male,Scarf,Accessories,47,North Carolina,Maroon,Summer
2200,2201,60,Male,Gloves,Accessories,51,Wyoming,Charcoal,Summer
2201,2202,39,Male,Pants,Clothing,25,Ohio,Peach,Spring
2202,2203,42,Male,Dress,Clothing,36,Alabama,Red,Summer
2203,2204,53,Male,Dress,Clothing,79,Rhode Island,Indigo,Winter
2204,2205,20,Male,Jeans,Clothing,41,Oregon,Lavender,Winter
2205,2206,46,Male,Sweater,Clothing,68,North Dakota,Red,Fall
2206,2207,46,Male,Sandals,Footwear,51,Illinois,Green,Spring
2207,2208,69,Male,Handbag,Accessories,38,New Mexico,Gray,Fall
2208,2209,28,Male,Scarf,Accessories,46,Colorado,Violet,Summer
2209,2210,42,Male,Sandals,Footwear,20,Utah,Beige,Summer
2210,2211,30,Male,Sunglasses,Accessories,25,Virginia,Orange,Summer
2211,2212,50,Male,Sweater,Clothing,89,Maine,Purple,Winter
2212,2213,59,Male,Pants,Clothing,77,Nebraska,Brown,Winter
2213,2214,54,Male,Hat,Accessories,94,Hawaii,Maroon,Fall
2214,2215,50,Male,Belt,Accessories,100,Idaho,Gold,Fall
2215,2216,25,Male,Sandals,Footwear,96,West Virginia,Indigo,Winter
2216,2217,41,Male,Pants,Clothing,36,Vermont,Silver,Winter
2217,2218,35,Male,Jewelry,Accessories,27,Indiana,Red,Fall
2218,2219,67,Male,Sunglasses,Accessories,67,Idaho,Magenta,Winter
2219,2220,33,Male,Blouse,Clothing,91,Minnesota,Purple,Fall
2220,2221,19,Male,Belt,Accessories,62,Wyoming,Beige,Fall
2221,2222,25,Male,Shorts,Clothing,88,Kansas,White,Fall
2222,2223,32,Male,Pants,Clothing,66,Georgia,Teal,Summer
2223,2224,30,Male,Sandals,Footwear,65,Kansas,Gray,Fall
2224,2225,18,Male,Gloves,Accessories,25,Nebraska,Charcoal,Winter
2225,2226,38,Male,Belt,Accessories,64,Washington,Olive,Spring
2226,2227,22,Male,Shirt,Clothing,72,Missouri,Blue,Spring
2227,2228,40,Male,Scarf,Accessories,74,Washington,Gray,Summer
2228,2229,54,Male,Gloves,Accessories,50,Kansas,Green,Fall
2229,2230,70,Male,Pants,Clothing,97,Minnesota,Silver,Fall
2230,2231,52,Male,Sneakers,Footwear,36,Colorado,Teal,Spring
2231,2232,34,Male,Jacket,Outerwear,49,Utah,Beige,Fall
2232,2233,65,Male,Shoes,Footwear,64,North Carolina,Lavender,Spring
2233,2234,38,Male,Blouse,Clothing,31,Florida,Gray,Summer
2234,2235,35,Male,Boots,Footwear,66,New Hampshire,Yellow,Winter
2235,2236,40,Male,Socks,Clothing,82,Illinois,Gray,Spring
2236,2237,23,Male,T-shirt,Clothing,88,Louisiana,Yellow,Winter
2237,2238,45,Male,Sandals,Footwear,34,Alabama,Black,Summer
2238,2239,40,Male,Sneakers,Footwear,84,Florida,Beige,Winter
2239,2240,42,Male,Jewelry,Accessories,96,Alabama,Indigo,Summer
2240,2241,57,Male,Sandals,Footwear,71,California,Green,Winter
2241,2242,18,Male,Jacket,Outerwear,77,Maryland,Purple,Summer
2242,2243,18,Male,Skirt,Clothing,66,Nevada,Orange,Spring
2243,2244,56,Male,Shirt,Clothing,21,Massachusetts,Teal,Winter
2244,2245,35,Male,Shorts,Clothing,37,South Carolina,Gold,Summer
2245,2246,49,Male,Socks,Clothing,90,Delaware,Gray,Fall
2246,2247,49,Male,Jacket,Outerwear,96,Hawaii,Cyan,Fall
2247,2248,34,Male,Jewelry,Accessories,37,Florida,Teal,Summer
2248,2249,63,Male,T-shirt,Clothing,66,Rhode Island,Violet,Winter
2249,2250,42,Male,Gloves,Accessories,45,Wyoming,Indigo,Spring
2250,2251,41,Male,Shoes,Footwear,89,Colorado,Pink,Summer
2251,2252,26,Male,Shoes,Footwear,94,Virginia,Gold,Fall
2252,2253,48,Male,Shoes,Footwear,96,Nebraska,Maroon,Summer
2253,2254,62,Male,Hoodie,Clothing,31,Oklahoma,Brown,Spring
2254,2255,24,Male,Belt,Accessories,79,North Dakota,Gold,Winter
2255,2256,48,Male,Coat,Outerwear,39,Michigan,Teal,Spring
2256,2257,31,Male,Blouse,Clothing,22,California,Turquoise,Fall
2257,2258,41,Male,Skirt,Clothing,32,Tennessee,Olive,Fall
2258,2259,24,Male,T-shirt,Clothing,71,Ohio,Cyan,Winter
2259,2260,60,Male,Jeans,Clothing,96,Florida,Beige,Spring
2260,2261,38,Male,Scarf,Accessories,82,Missouri,Blue,Fall
2261,2262,58,Male,Backpack,Accessories,76,South Carolina,Gold,Spring
2262,2263,53,Male,Backpack,Accessories,22,Arizona,Green,Winter
2263,2264,44,Male,Scarf,Accessories,40,Indiana,Green,Winter
2264,2265,51,Male,Hat,Accessories,92,North Dakota,Turquoise,Summer
2265,2266,36,Male,Coat,Outerwear,94,Montana,Yellow,Fall
2266,2267,20,Male,Dress,Clothing,44,Missouri,Yellow,Fall
2267,2268,32,Male,Gloves,Accessories,49,Kentucky,Blue,Spring
2268,2269,66,Male,Sweater,Clothing,26,Georgia,Charcoal,Spring
2269,2270,49,Male,Skirt,Clothing,38,Kentucky,Yellow,Fall
2270,2271,27,Male,Blouse,Clothing,72,Georgia,Purple,Spring
2271,2272,29,Male,Dress,Clothing,99,Alaska,Green,Summer
2272,2273,29,Male,Jacket,Outerwear,38,Maine,Charcoal,Spring
2273,2274,55,Male,Coat,Outerwear,96,New Mexico,Silver,Winter
2274,2275,57,Male,Dress,Clothing,27,New York,Turquoise,Spring
2275,2276,29,Male,Shorts,Clothing,24,Oklahoma,Gray,Winter
2276,2277,31,Male,Jeans,Clothing,82,Wyoming,Red,Summer
2277,2278,25,Male,Hat,Accessories,56,Alabama,Beige,Summer
2278,2279,61,Male,Gloves,Accessories,25,Maryland,Maroon,Fall
2279,2280,53,Male,Sneakers,Footwear,67,West Virginia,Indigo,Spring
2280,2281,22,Male,Shoes,Footwear,21,Kentucky,Red,Summer
2281,2282,28,Male,Hoodie,Clothing,27,Kansas,Maroon,Summer
2282,2283,18,Male,Sneakers,Footwear,97,Idaho,Red,Fall
2283,2284,44,Male,Handbag,Accessories,45,Ohio,Black,Winter
2284,2285,32,Male,Blouse,Clothing,63,Iowa,Black,Fall
2285,2286,34,Male,Belt,Accessories,100,Michigan,Pink,Summer
2286,2287,67,Male,Socks,Clothing,38,South Dakota,Blue,Spring
2287,2288,66,Male,Blouse,Clothing,45,Nebraska,Green,Summer
2288,2289,28,Male,Jewelry,Accessories,91,California,Orange,Fall
2289,2290,70,Male,Shorts,Clothing,82,Nevada,Orange,Fall
2290,2291,37,Male,Boots,Footwear,48,Kansas,Magenta,Winter
2291,2292,28,Male,Coat,Outerwear,30,Ohio,Indigo,Spring
2292,2293,43,Male,T-shirt,Clothing,34,Vermont,Beige,Spring
2293,2294,37,Male,Sweater,Clothing,68,Georgia,Green,Fall
2294,2295,54,Male,Sunglasses,Accessories,95,Maryland,Red,Winter
2295,2296,50,Male,Hat,Accessories,22,Connecticut,Beige,Spring
2296,2297,46,Male,Gloves,Accessories,88,Washington,Green,Fall
2297,2298,60,Male,Socks,Clothing,83,California,Orange,Summer
2298,2299,40,Male,Handbag,Accessories,87,Montana,Cyan,Spring
2299,2300,64,Male,Coat,Outerwear,57,Idaho,Violet,Summer
2300,2301,18,Male,Coat,Outerwear,88,Pennsylvania,Lavender,Summer
2301,2302,37,Male,Pants,Clothing,20,Maine,Turquoise,Winter
2302,2303,36,Male,Belt,Accessories,39,Montana,Pink,Summer
2303,2304,51,Male,Sunglasses,Accessories,71,New Jersey,Beige,Spring
2304,2305,26,Male,Hoodie,Clothing,73,Louisiana,Silver,Winter
2305,2306,68,Male,Handbag,Accessories,63,Maine,Gold,Summer
2306,2307,27,Male,Gloves,Accessories,78,Florida,Silver,Winter
2307,2308,28,Male,Skirt,Clothing,96,Missouri,Green,Fall
2308,2309,49,Male,Sunglasses,Accessories,81,North Dakota,Teal,Winter
2309,2310,70,Male,Dress,Clothing,95,Connecticut,Gold,Fall
2310,2311,30,Male,Gloves,Accessories,68,Virginia,Cyan,Spring
2311,2312,27,Male,Sneakers,Footwear,28,Montana,Gold,Spring
2312,2313,19,Male,T-shirt,Clothing,30,Vermont,Violet,Summer
2313,2314,64,Male,Dress,Clothing,31,Georgia,Black,Summer
2314,2315,42,Male,Handbag,Accessories,95,Virginia,Brown,Winter
2315,2316,69,Male,Socks,Clothing,79,Vermont,Indigo,Winter
2316,2317,28,Male,Sneakers,Footwear,39,Montana,Yellow,Winter
2317,2318,47,Male,Jacket,Outerwear,34,New Jersey,Purple,Summer
2318,2319,69,Male,Hoodie,Clothing,28,Wyoming,White,Spring
2319,2320,56,Male,Sandals,Footwear,38,Maine,Turquoise,Winter
2320,2321,28,Male,Shoes,Footwear,55,New Mexico,Olive,Spring
2321,2322,50,Male,Sandals,Footwear,31,Colorado,Beige,Winter
2322,2323,39,Male,Coat,Outerwear,84,Connecticut,Lavender,Spring
2323,2324,35,Male,Gloves,Accessories,93,Maryland,White,Winter
2324,2325,59,Male,Coat,Outerwear,28,Oregon,Brown,Winter
2325,2326,44,Male,Boots,Footwear,55,New York,Charcoal,Summer
2326,2327,66,Male,Skirt,Clothing,63,Oklahoma,Maroon,Winter
2327,2328,20,Male,Skirt,Clothing,94,Alabama,Red,Winter
2328,2329,45,Male,Pants,Clothing,36,North Dakota,Maroon,Fall
2329,2330,49,Male,Hat,Accessories,97,Nebraska,Teal,Spring
2330,2331,60,Male,Backpack,Accessories,63,Arizona,Orange,Summer
2331,2332,61,Male,Scarf,Accessories,77,Illinois,Olive,Spring
2332,2333,36,Male,Scarf,Accessories,53,South Carolina,Olive,Fall
2333,2334,33,Male,Shirt,Clothing,77,Kansas,Beige,Spring
2334,2335,49,Male,Boots,Footwear,79,Kansas,Green,Summer
2335,2336,31,Male,Coat,Outerwear,37,Idaho,Black,Summer
2336,2337,19,Male,Belt,Accessories,94,California,Green,Winter
2337,2338,39,Male,Boots,Footwear,76,North Dakota,Violet,Fall
2338,2339,66,Male,Sneakers,Footwear,68,Georgia,Silver,Fall
2339,2340,25,Male,Shirt,Clothing,65,Illinois,Maroon,Spring
2340,2341,63,Male,Blouse,Clothing,24,Delaware,Cyan,Summer
2341,2342,56,Male,Jacket,Outerwear,31,Connecticut,Teal,Summer
2342,2343,20,Male,Skirt,Clothing,89,Tennessee,Olive,Fall
2343,2344,58,Male,Socks,Clothing,49,Maryland,Red,Summer
2344,2345,34,Male,Sandals,Footwear,92,Rhode Island,Lavender,Fall
2345,2346,28,Male,T-shirt,Clothing,32,New York,Orange,Winter
2346,2347,22,Male,Jacket,Outerwear,67,New Mexico,Brown,Winter
2347,2348,37,Male,Belt,Accessories,64,California,Gray,Fall
2348,2349,54,Male,Shoes,Footwear,84,Maine,Orange,Spring
2349,2350,65,Male,Blouse,Clothing,34,New York,Orange,Fall
2350,2351,57,Male,Shoes,Footwear,26,Hawaii,Turquoise,Winter
2351,2352,38,Male,Sweater,Clothing,50,New Hampshire,Cyan,Fall
2352,2353,70,Male,Boots,Footwear,46,Nebraska,Yellow,Fall
2353,2354,56,Male,Handbag,Accessories,71,Montana,White,Fall
2354,2355,56,Male,Blouse,Clothing,78,Wisconsin,Blue,Summer
2355,2356,22,Male,Skirt,Clothing,35,Tennessee,Purple,Winter
2356,2357,57,Male,Backpack,Accessories,58,Montana,Gray,Summer
2357,2358,53,Male,Shirt,Clothing,67,Michigan,Cyan,Fall
2358,2359,53,Male,Sweater,Clothing,93,Texas,Pink,Spring
2359,2360,19,Male,Scarf,Accessories,81,Pennsylvania,Gold,Spring
2360,2361,49,Male,Handbag,Accessories,80,New York,Silver,Fall
2361,2362,44,Male,Scarf,Accessories,64,Alabama,Gray,Spring
2362,2363,27,Male,Jeans,Clothing,41,Virginia,Brown,Fall
2363,2364,60,Male,Socks,Clothing,79,Pennsylvania,Pink,Winter
2364,2365,62,Male,Sunglasses,Accessories,60,Mississippi,Maroon,Winter
2365,2366,52,Male,Sneakers,Footwear,91,Wyoming,Peach,Winter
2366,2367,30,Male,Shoes,Footwear,66,New Mexico,Brown,Winter
2367,2368,66,Male,Socks,Clothing,85,North Dakota,Green,Winter
2368,2369,29,Male,Sunglasses,Accessories,38,New Jersey,Lavender,Summer
2369,2370,24,Male,Sweater,Clothing,23,Vermont,Cyan,Winter
2370,2371,51,Male,Shoes,Footwear,71,Alaska,Black,Spring
2371,2372,67,Male,Socks,Clothing,25,Indiana,Charcoal,Winter
2372,2373,50,Male,Boots,Footwear,39,Alabama,Silver,Spring
2373,2374,37,Male,Hoodie,Clothing,20,Michigan,Gray,Spring
2374,2375,69,Male,Gloves,Accessories,73,Washington,Peach,Winter
2375,2376,60,Male,Backpack,Accessories,63,Virginia,Peach,Fall
2376,2377,21,Male,Gloves,Accessories,94,Tennessee,Cyan,Spring
2377,2378,44,Male,Blouse,Clothing,94,South Dakota,Magenta,Fall
2378,2379,26,Male,Scarf,Accessories,71,New Hampshire,Teal,Summer
2379,2380,40,Male,Hat,Accessories,77,South Dakota,Peach,Spring
2380,2381,41,Male,Scarf,Accessories,66,Pennsylvania,Black,Fall
2381,2382,62,Male,Sandals,Footwear,23,Wisconsin,Teal,Summer
2382,2383,39,Male,Sweater,Clothing,60,California,Turquoise,Spring
2383,2384,53,Male,Backpack,Accessories,72,Rhode Island,Gold,Spring
2384,2385,24,Male,Blouse,Clothing,35,Alabama,Green,Winter
2385,2386,41,Male,Scarf,Accessories,31,Oklahoma,Brown,Fall
2386,2387,19,Male,Socks,Clothing,33,Illinois,Blue,Summer
2387,2388,36,Male,Hat,Accessories,95,Tennessee,Gold,Summer
2388,2389,21,Male,Dress,Clothing,68,Alabama,Peach,Fall
2389,2390,25,Male,Coat,Outerwear,87,Kansas,Violet,Spring
2390,2391,65,Male,Shirt,Clothing,64,Arizona,Yellow,Winter
2391,2392,42,Male,Shirt,Clothing,74,Michigan,Black,Winter
2392,2393,40,Male,Jeans,Clothing,62,Missouri,Silver,Spring
2393,2394,58,Male,Socks,Clothing,97,Louisiana,Brown,Winter
2394,2395,40,Male,Sandals,Footwear,47,Connecticut,Peach,Fall
2395,2396,62,Male,Blouse,Clothing,83,Connecticut,Cyan,Winter
2396,2397,38,Male,Shirt,Clothing,82,Oregon,Olive,Spring
2397,2398,37,Male,Sunglasses,Accessories,26,West Virginia,Black,Fall
2398,2399,65,Male,Jacket,Outerwear,81,Florida,Orange,Winter
2399,2400,55,Male,Dress,Clothing,44,New Hampshire,Beige,Spring
2400,2401,43,Male,Sunglasses,Accessories,88,Oregon,Peach,Winter
2401,2402,43,Male,Boots,Footwear,76,Oregon,Pink,Winter
2402,2403,45,Male,Scarf,Accessories,89,Utah,Brown,Winter
2403,2404,64,Male,Shorts,Clothing,22,Missouri,Magenta,Fall
2404,2405,28,Male,Shorts,Clothing,33,West Virginia,Cyan,Winter
2405,2406,69,Male,Jeans,Clothing,97,California,Silver,Fall
2406,2407,54,Male,Scarf,Accessories,57,California,Indigo,Winter
2407,2408,52,Male,Shorts,Clothing,38,Illinois,Beige,Summer
2408,2409,23,Male,Sneakers,Footwear,55,Hawaii,Black,Fall
2409,2410,26,Male,Jewelry,Accessories,37,Washington,Yellow,Spring
2410,2411,48,Male,Shoes,Footwear,43,Wisconsin,Maroon,Summer
2411,2412,49,Male,Hoodie,Clothing,96,Virginia,Cyan,Summer
2412,2413,53,Male,Jacket,Outerwear,51,Oregon,Pink,Winter
2413,2414,69,Male,Shorts,Clothing,95,Pennsylvania,Violet,Fall
2414,2415,26,Male,Socks,Clothing,26,Virginia,Lavender,Summer
2415,2416,21,Male,Coat,Outerwear,34,Hawaii,Lavender,Fall
2416,2417,59,Male,Sandals,Footwear,83,Nebraska,Black,Summer
2417,2418,21,Male,Backpack,Accessories,24,Alaska,Olive,Fall
2418,2419,22,Male,Pants,Clothing,69,Michigan,Indigo,Fall
2419,2420,26,Male,Sweater,Clothing,40,North Carolina,Blue,Fall
2420,2421,41,Male,Jacket,Outerwear,87,North Carolina,Green,Winter
2421,2422,37,Male,Sneakers,Footwear,46,Minnesota,Pink,Spring
2422,2423,30,Male,Jewelry,Accessories,82,Georgia,Peach,Winter
2423,2424,49,Male,Backpack,Accessories,81,West Virginia,Purple,Summer
2424,2425,49,Male,Jewelry,Accessories,57,Delaware,Peach,Winter
2425,2426,58,Male,Shoes,Footwear,49,North Dakota,Olive,Summer
2426,2427,70,Male,Jacket,Outerwear,42,Florida,Olive,Fall
2427,2428,27,Male,Jacket,Outerwear,26,Oregon,Purple,Spring
2428,2429,65,Male,T-shirt,Clothing,38,Idaho,Violet,Spring
2429,2430,57,Male,Sneakers,Footwear,57,Virginia,Maroon,Summer
2430,2431,20,Male,Jacket,Outerwear,100,North Dakota,White,Summer
2431,2432,34,Male,Hoodie,Clothing,73,Alabama,Olive,Fall
2432,2433,59,Male,Jacket,Outerwear,66,Hawaii,Peach,Winter
2433,2434,54,Male,T-shirt,Clothing,73,Oregon,Blue,Spring
2434,2435,36,Male,Gloves,Accessories,45,Utah,Brown,Spring
2435,2436,21,Male,Sneakers,Footwear,27,Hawaii,Black,Fall
2436,2437,52,Male,T-shirt,Clothing,24,Connecticut,Yellow,Fall
2437,2438,43,Male,Sneakers,Footwear,59,Wyoming,Magenta,Winter
2438,2439,32,Male,Jeans,Clothing,20,Delaware,Cyan,Winter
2439,2440,55,Male,Handbag,Accessories,44,Arkansas,Maroon,Summer
2440,2441,31,Male,Socks,Clothing,90,Indiana,Red,Spring
2441,2442,45,Male,Jewelry,Accessories,36,California,Black,Fall
2442,2443,53,Male,Blouse,Clothing,95,Wyoming,Violet,Winter
2443,2444,24,Male,Backpack,Accessories,30,South Dakota,Green,Spring
2444,2445,47,Male,Scarf,Accessories,65,West Virginia,Gold,Fall
2445,2446,63,Male,Scarf,Accessories,96,Tennessee,Brown,Summer
2446,2447,38,Male,Shirt,Clothing,65,Alaska,Peach,Spring
2447,2448,59,Male,Pants,Clothing,47,South Dakota,Peach,Fall
2448,2449,54,Male,Hat,Accessories,25,Tennessee,Violet,Fall
2449,2450,26,Male,Coat,Outerwear,56,Alabama,Violet,Fall
2450,2451,68,Male,T-shirt,Clothing,76,North Carolina,Magenta,Fall
2451,2452,41,Male,Socks,Clothing,60,Oklahoma,Purple,Fall
2452,2453,68,Male,Shirt,Clothing,67,New York,Purple,Winter
2453,2454,21,Male,Sweater,Clothing,95,Iowa,Cyan,Spring
2454,2455,32,Male,Gloves,Accessories,72,Alaska,Magenta,Winter
2455,2456,20,Male,Belt,Accessories,98,Alaska,Lavender,Spring
2456,2457,59,Male,Jeans,Clothing,83,Nebraska,Green,Winter
2457,2458,53,Male,Handbag,Accessories,37,Delaware,Maroon,Fall
2458,2459,66,Male,T-shirt,Clothing,85,Texas,Turquoise,Fall
2459,2460,47,Male,Socks,Clothing,36,Missouri,Violet,Fall
2460,2461,58,Male,Jeans,Clothing,36,Maine,Lavender,Winter
2461,2462,28,Male,Scarf,Accessories,86,Pennsylvania,Red,Summer
2462,2463,68,Male,Pants,Clothing,99,Missouri,Orange,Spring
2463,2464,60,Male,Blouse,Clothing,21,Mississippi,Indigo,Summer
2464,2465,47,Male,Jacket,Outerwear,84,Hawaii,Teal,Winter
2465,2466,18,Male,Sandals,Footwear,63,Texas,Brown,Spring
2466,2467,32,Male,Shorts,Clothing,84,South Dakota,Pink,Summer
2467,2468,27,Male,Shorts,Clothing,72,New Jersey,Lavender,Spring
2468,2469,65,Male,Skirt,Clothing,21,Connecticut,Cyan,Winter
2469,2470,68,Male,Sandals,Footwear,92,Maryland,Yellow,Fall
2470,2471,55,Male,Blouse,Clothing,72,Arizona,Pink,Fall
2471,2472,30,Male,Sandals,Footwear,83,Oklahoma,Gray,Spring
2472,2473,24,Male,Shirt,Clothing,73,Utah,Peach,Summer
2473,2474,57,Male,Socks,Clothing,98,Arkansas,Red,Winter
2474,2475,23,Male,T-shirt,Clothing,76,North Carolina,Olive,Fall
2475,2476,69,Male,Dress,Clothing,43,California,Lavender,Summer
2476,2477,60,Male,Hat,Accessories,60,Colorado,Turquoise,Summer
2477,2478,25,Male,Gloves,Accessories,40,California,Turquoise,Spring
2478,2479,18,Male,Socks,Clothing,93,Vermont,Maroon,Winter
2479,2480,37,Male,Dress,Clothing,98,Kansas,Olive,Fall
2480,2481,61,Male,Socks,Clothing,91,Ohio,Maroon,Summer
2481,2482,41,Male,Belt,Accessories,92,New Jersey,Cyan,Fall
2482,2483,69,Male,Handbag,Accessories,87,Arizona,Peach,Winter
2483,2484,32,Male,Skirt,Clothing,96,Arizona,Teal,Fall
2484,2485,60,Male,Hoodie,Clothing,97,New Hampshire,Green,Summer
2485,2486,43,Male,Blouse,Clothing,55,Louisiana,Beige,Spring
2486,2487,61,Male,Jeans,Clothing,58,Texas,Magenta,Spring
2487,2488,57,Male,Boots,Footwear,21,Montana,Violet,Spring
2488,2489,56,Male,Handbag,Accessories,82,New Hampshire,Charcoal,Summer
2489,2490,66,Male,Coat,Outerwear,34,South Dakota,Green,Winter
2490,2491,52,Male,Blouse,Clothing,78,Montana,Gray,Spring
2491,2492,63,Male,Handbag,Accessories,47,North Carolina,Magenta,Spring
2492,2493,50,Male,Sunglasses,Accessories,96,South Dakota,Silver,Summer
2493,2494,21,Male,Socks,Clothing,23,Maine,Beige,Fall
2494,2495,42,Male,Shoes,Footwear,27,Oklahoma,Peach,Winter
2495,2496,40,Male,Backpack,Accessories,37,Nebraska,Orange,Spring
2496,2497,67,Male,Scarf,Accessories,79,Illinois,Yellow,Summer
2497,2498,35,Male,Backpack,Accessories,40,Colorado,Violet,Summer
2498,2499,18,Male,Coat,Outerwear,39,Massachusetts,Green,Fall
2499,2500,52,Male,Hoodie,Clothing,73,Louisiana,Pink,Summer
2500,2501,59,Male,Gloves,Accessories,84,Massachusetts,Violet,Fall
2501,2502,49,Male,Shorts,Clothing,94,West Virginia,Violet,Fall
2502,2503,46,Male,Skirt,Clothing,47,Idaho,Pink,Spring
2503,2504,69,Male,Boots,Footwear,77,Ohio,Violet,Summer
2504,2505,56,Male,Shorts,Clothing,94,Rhode Island,Turquoise,Winter
2505,2506,27,Male,Handbag,Accessories,75,Illinois,Cyan,Summer
2506,2507,57,Male,Dress,Clothing,82,New York,Orange,Spring
2507,2508,58,Male,Shoes,Footwear,36,Louisiana,Cyan,Fall
2508,2509,23,Male,Sneakers,Footwear,90,California,Indigo,Spring
2509,2510,19,Male,Socks,Clothing,48,Washington,Black,Spring
2510,2511,40,Male,Jacket,Outerwear,42,South Dakota,Purple,Winter
2511,2512,54,Male,Backpack,Accessories,33,Idaho,Cyan,Summer
2512,2513,50,Male,Socks,Clothing,63,North Dakota,Green,Summer
2513,2514,69,Male,Handbag,Accessories,53,Washington,Teal,Winter
2514,2515,42,Male,Hat,Accessories,37,Alaska,Teal,Spring
2515,2516,37,Male,Blouse,Clothing,92,Kansas,Magenta,Summer
2516,2517,46,Male,Shorts,Clothing,73,Utah,Brown,Spring
2517,2518,64,Male,Shirt,Clothing,38,Wyoming,Orange,Spring
2518,2519,20,Male,Boots,Footwear,51,Maine,Blue,Fall
2519,2520,40,Male,Jacket,Outerwear,90,Michigan,Magenta,Spring
2520,2521,64,Male,Jacket,Outerwear,56,Illinois,Magenta,Summer
2521,2522,29,Male,Handbag,Accessories,33,Minnesota,Magenta,Fall
2522,2523,20,Male,Belt,Accessories,53,Massachusetts,Olive,Winter
2523,2524,43,Male,Handbag,Accessories,24,New Jersey,Cyan,Spring
2524,2525,60,Male,Coat,Outerwear,59,Kansas,Purple,Spring
2525,2526,39,Male,Sweater,Clothing,72,Kentucky,Purple,Winter
2526,2527,47,Male,Shorts,Clothing,28,Rhode Island,Peach,Spring
2527,2528,19,Male,Pants,Clothing,36,Illinois,Gold,Fall
2528,2529,52,Male,Jewelry,Accessories,47,Alabama,Peach,Fall
2529,2530,34,Male,Gloves,Accessories,62,Tennessee,Magenta,Spring
2530,2531,25,Male,Skirt,Clothing,98,Massachusetts,Cyan,Spring
2531,2532,43,Male,Sandals,Footwear,28,Texas,Violet,Summer
2532,2533,55,Male,Socks,Clothing,86,Nebraska,Charcoal,Summer
2533,2534,66,Male,Jewelry,Accessories,46,Pennsylvania,Blue,Summer
2534,2535,41,Male,Sunglasses,Accessories,42,Virginia,Red,Fall
2535,2536,47,Male,Coat,Outerwear,80,Vermont,Purple,Winter
2536,2537,51,Male,Belt,Accessories,39,Oklahoma,Gray,Spring
2537,2538,44,Male,Coat,Outerwear,49,Maine,Purple,Summer
2538,2539,18,Male,Scarf,Accessories,32,New Jersey,Silver,Summer
2539,2540,33,Male,Sandals,Footwear,73,Massachusetts,Purple,Fall
2540,2541,24,Male,Belt,Accessories,42,New Jersey,Charcoal,Summer
2541,2542,33,Male,Scarf,Accessories,58,Washington,Silver,Spring
2542,2543,61,Male,Jewelry,Accessories,22,Arkansas,White,Winter
2543,2544,27,Male,Scarf,Accessories,56,West Virginia,Peach,Spring
2544,2545,46,Male,Pants,Clothing,70,Delaware,Red,Spring
2545,2546,38,Male,Shoes,Footwear,50,Texas,Olive,Spring
2546,2547,63,Male,Boots,Footwear,21,Texas,Gray,Summer
2547,2548,47,Male,Jacket,Outerwear,97,Mississippi,Beige,Summer
2548,2549,42,Male,Backpack,Accessories,63,Texas,Pink,Winter
2549,2550,41,Male,Jacket,Outerwear,60,Virginia,Red,Fall
2550,2551,53,Male,Boots,Footwear,52,New Hampshire,Peach,Fall
2551,2552,29,Male,Shoes,Footwear,32,Minnesota,Maroon,Winter
2552,2553,61,Male,Belt,Accessories,48,Maryland,Purple,Spring
2553,2554,69,Male,Jewelry,Accessories,25,Vermont,Maroon,Summer
2554,2555,51,Male,Jewelry,Accessories,68,Kansas,Gray,Summer
2555,2556,24,Male,Pants,Clothing,74,Idaho,Gray,Fall
2556,2557,24,Male,T-shirt,Clothing,88,Montana,Magenta,Fall
2557,2558,70,Male,Shorts,Clothing,23,Oklahoma,Cyan,Spring
2558,2559,49,Male,Hoodie,Clothing,32,California,Silver,Fall
2559,2560,48,Male,Belt,Accessories,71,Mississippi,Green,Winter
2560,2561,58,Male,Boots,Footwear,62,California,Violet,Spring
2561,2562,32,Male,Hoodie,Clothing,20,New York,Magenta,Spring
2562,2563,57,Male,Shorts,Clothing,62,Arizona,Yellow,Spring
2563,2564,69,Male,Backpack,Accessories,81,Massachusetts,Gray,Winter
2564,2565,42,Male,Scarf,Accessories,90,Kentucky,Indigo,Winter
2565,2566,30,Male,Socks,Clothing,43,Vermont,Indigo,Fall
2566,2567,35,Male,Handbag,Accessories,38,Missouri,Yellow,Fall
2567,2568,19,Male,Sunglasses,Accessories,25,Michigan,Gold,Spring
2568,2569,52,Male,T-shirt,Clothing,98,Texas,Green,Winter
2569,2570,42,Male,Dress,Clothing,75,New York,Charcoal,Spring
2570,2571,36,Male,Sneakers,Footwear,27,New Mexico,Olive,Spring
2571,2572,45,Male,Sunglasses,Accessories,27,Mississippi,Black,Winter
2572,2573,54,Male,Blouse,Clothing,42,Washington,Silver,Fall
2573,2574,54,Male,T-shirt,Clothing,90,New Mexico,Red,Summer
2574,2575,27,Male,Hat,Accessories,63,Florida,Brown,Summer
2575,2576,53,Male,Shorts,Clothing,96,Minnesota,Silver,Fall
2576,2577,20,Male,Hoodie,Clothing,40,New Hampshire,Silver,Winter
2577,2578,52,Male,Socks,Clothing,39,Minnesota,Black,Fall
2578,2579,54,Male,Sunglasses,Accessories,48,Vermont,Purple,Fall
2579,2580,65,Male,Blouse,Clothing,20,Minnesota,Purple,Summer
2580,2581,43,Male,Jeans,Clothing,29,Massachusetts,Turquoise,Summer
2581,2582,57,Male,Dress,Clothing,81,Wyoming,Gold,Winter
2582,2583,19,Male,Dress,Clothing,98,South Dakota,Indigo,Fall
2583,2584,69,Male,Jeans,Clothing,93,Oklahoma,Lavender,Fall
2584,2585,26,Male,Socks,Clothing,30,Florida,Blue,Summer
2585,2586,57,Male,Sunglasses,Accessories,37,Wisconsin,Maroon,Fall
2586,2587,20,Male,Coat,Outerwear,28,Maine,Yellow,Winter
2587,2588,55,Male,Scarf,Accessories,29,Connecticut,Purple,Winter
2588,2589,44,Male,Backpack,Accessories,49,Delaware,Peach,Summer
2589,2590,52,Male,Pants,Clothing,53,North Dakota,Silver,Winter
2590,2591,57,Male,Gloves,Accessories,66,California,Turquoise,Summer
2591,2592,40,Male,Jacket,Outerwear,61,New Mexico,Olive,Spring
2592,2593,23,Male,Shorts,Clothing,23,Iowa,Peach,Summer
2593,2594,36,Male,Pants,Clothing,36,Colorado,Indigo,Fall
2594,2595,59,Male,Skirt,Clothing,81,Montana,Indigo,Fall
2595,2596,29,Male,Blouse,Clothing,56,Iowa,Maroon,Summer
2596,2597,63,Male,Shirt,Clothing,78,Louisiana,Black,Spring
2597,2598,60,Male,Jewelry,Accessories,25,Alabama,Teal,Summer
2598,2599,64,Male,Backpack,Accessories,86,Nevada,Olive,Fall
2599,2600,63,Male,Jewelry,Accessories,99,Vermont,Gold,Winter
2600,2601,21,Male,Belt,Accessories,83,New York,Gray,Fall
2601,2602,61,Male,Dress,Clothing,33,Mississippi,Orange,Winter
2602,2603,65,Male,Coat,Outerwear,44,South Carolina,Black,Fall
2603,2604,69,Male,Dress,Clothing,58,Washington,Teal,Spring
2604,2605,47,Male,Sweater,Clothing,54,Colorado,Beige,Spring
2605,2606,41,Male,Hoodie,Clothing,93,Nevada,White,Spring
2606,2607,68,Male,Shoes,Footwear,98,Nevada,Turquoise,Spring
2607,2608,41,Male,Shoes,Footwear,36,Oklahoma,Teal,Spring
2608,2609,42,Male,Jacket,Outerwear,68,Mississippi,Orange,Fall
2609,2610,66,Male,Backpack,Accessories,95,Arkansas,Black,Summer
2610,2611,66,Male,Jeans,Clothing,93,West Virginia,Violet,Spring
2611,2612,33,Male,Jacket,Outerwear,99,Michigan,Maroon,Fall
2612,2613,55,Male,Sunglasses,Accessories,22,Louisiana,Turquoise,Winter
2613,2614,58,Male,Gloves,Accessories,88,South Dakota,Gold,Fall
2614,2615,18,Male,Jacket,Outerwear,65,North Dakota,Turquoise,Spring
2615,2616,49,Male,T-shirt,Clothing,62,Arizona,Maroon,Fall
2616,2617,61,Male,Sandals,Footwear,55,Georgia,Purple,Spring
2617,2618,31,Male,Shorts,Clothing,97,Idaho,Maroon,Spring
2618,2619,70,Male,Handbag,Accessories,77,Louisiana,Brown,Fall
2619,2620,68,Male,Pants,Clothing,40,Connecticut,Indigo,Winter
2620,2621,27,Male,Blouse,Clothing,23,Ohio,Lavender,Winter
2621,2622,48,Male,Shoes,Footwear,46,Maine,Beige,Winter
2622,2623,63,Male,Backpack,Accessories,75,New Hampshire,Yellow,Spring
2623,2624,49,Male,Shoes,Footwear,76,Massachusetts,Gold,Fall
2624,2625,19,Male,Dress,Clothing,59,South Dakota,Indigo,Summer
2625,2626,30,Male,Skirt,Clothing,51,Colorado,Cyan,Summer
2626,2627,50,Male,Jacket,Outerwear,46,Rhode Island,Silver,Fall
2627,2628,66,Male,Shirt,Clothing,26,Missouri,Silver,Fall
2628,2629,25,Male,Hoodie,Clothing,51,Wyoming,Silver,Summer
2629,2630,61,Male,Scarf,Accessories,44,New Hampshire,Peach,Winter
2630,2631,29,Male,Skirt,Clothing,82,Maine,Pink,Spring
2631,2632,53,Male,Skirt,Clothing,44,Connecticut,Violet,Summer
2632,2633,24,Male,Scarf,Accessories,27,Alaska,Black,Fall
2633,2634,51,Male,Sunglasses,Accessories,90,Alaska,Purple,Fall
2634,2635,26,Male,Sandals,Footwear,58,North Carolina,Black,Summer
2635,2636,59,Male,Hoodie,Clothing,80,Colorado,Peach,Spring
2636,2637,41,Male,Jacket,Outerwear,40,Utah,Magenta,Winter
2637,2638,20,Male,Pants,Clothing,23,Alabama,Magenta,Spring
2638,2639,22,Male,Shirt,Clothing,34,Hawaii,Black,Spring
2639,2640,18,Male,Blouse,Clothing,35,New Hampshire,Pink,Winter
2640,2641,30,Male,Skirt,Clothing,75,Indiana,Olive,Summer
2641,2642,25,Male,Sunglasses,Accessories,60,Vermont,Olive,Winter
2642,2643,39,Male,Belt,Accessories,87,Iowa,Peach,Summer
2643,2644,49,Male,Gloves,Accessories,41,Maryland,Silver,Spring
2644,2645,25,Male,Pants,Clothing,83,New Mexico,Turquoise,Spring
2645,2646,23,Male,Scarf,Accessories,81,Louisiana,Olive,Spring
2646,2647,33,Male,T-shirt,Clothing,56,New Mexico,Lavender,Summer
2647,2648,60,Male,Shoes,Footwear,58,South Carolina,Red,Summer
2648,2649,51,Male,Pants,Clothing,84,Illinois,Gray,Spring
2649,2650,23,Male,Gloves,Accessories,21,Minnesota,Magenta,Fall
2650,2651,20,Male,Socks,Clothing,35,Oregon,Maroon,Summer
2651,2652,51,Male,Sneakers,Footwear,43,Tennessee,Cyan,Summer
2652,2653,23,Female,Shorts,Clothing,20,Maryland,Cyan,Summer
2653,2654,67,Female,Blouse,Clothing,36,Wisconsin,Lavender,Fall
2654,2655,23,Female,Coat,Outerwear,70,Idaho,Pink,Fall
2655,2656,26,Female,Sunglasses,Accessories,83,Wyoming,Gray,Summer
2656,2657,52,Female,Shorts,Clothing,76,Indiana,Yellow,Winter
2657,2658,52,Female,Dress,Clothing,81,Texas,Pink,Summer
2658,2659,52,Female,Handbag,Accessories,47,Ohio,Indigo,Summer
2659,2660,35,Female,Boots,Footwear,35,Kansas,Gray,Summer
2660,2661,24,Female,Pants,Clothing,85,South Carolina,Yellow,Spring
2661,2662,43,Female,Boots,Footwear,96,Michigan,Olive,Fall
2662,2663,25,Female,Skirt,Clothing,98,Nebraska,Cyan,Summer
2663,2664,46,Female,Sneakers,Footwear,52,Wisconsin,Silver,Fall
2664,2665,22,Female,Jewelry,Accessories,84,Illinois,Silver,Winter
2665,2666,70,Female,T-shirt,Clothing,71,Louisiana,Red,Winter
2666,2667,49,Female,Sandals,Footwear,95,Ohio,Brown,Winter
2667,2668,48,Female,Boots,Footwear,47,Maryland,Orange,Summer
2668,2669,59,Female,Coat,Outerwear,75,Texas,Black,Summer
2669,2670,39,Female,Belt,Accessories,28,Illinois,Teal,Spring
2670,2671,30,Female,Sunglasses,Accessories,44,Pennsylvania,Yellow,Fall
2671,2672,37,Female,Sandals,Footwear,64,Alabama,Gray,Winter
2672,2673,56,Female,Boots,Footwear,28,West Virginia,Maroon,Spring
2673,2674,67,Female,Hoodie,Clothing,21,Nevada,Olive,Summer
2674,2675,40,Female,Hat,Accessories,41,Florida,Charcoal,Fall
2675,2676,24,Female,Shorts,Clothing,38,Virginia,Peach,Winter
2676,2677,43,Female,Backpack,Accessories,77,Kentucky,Maroon,Spring
2677,2678,45,Female,Shorts,Clothing,43,Connecticut,Olive,Spring
2678,2679,33,Female,Belt,Accessories,91,Montana,Magenta,Spring
2679,2680,53,Female,Shorts,Clothing,68,Montana,Yellow,Spring
2680,2681,44,Female,Socks,Clothing,37,Nebraska,Indigo,Fall
2681,2682,23,Female,Shoes,Footwear,23,Massachusetts,Olive,Summer
2682,2683,59,Female,Sneakers,Footwear,65,North Carolina,Maroon,Winter
2683,2684,68,Female,Backpack,Accessories,30,Montana,Indigo,Summer
2684,2685,46,Female,Dress,Clothing,45,Washington,Gray,Summer
2685,2686,56,Female,Boots,Footwear,25,Virginia,Gray,Winter
2686,2687,40,Female,Socks,Clothing,72,Georgia,Black,Winter
2687,2688,61,Female,Dress,Clothing,75,Delaware,White,Fall
2688,2689,53,Female,Handbag,Accessories,63,West Virginia,Turquoise,Spring
2689,2690,29,Female,Blouse,Clothing,35,Wyoming,Orange,Fall
2690,2691,44,Female,Belt,Accessories,32,New Mexico,Yellow,Summer
2691,2692,43,Female,Pants,Clothing,25,Nebraska,Blue,Winter
2692,2693,40,Female,Sneakers,Footwear,90,Washington,Violet,Spring
2693,2694,55,Female,Boots,Footwear,70,Hawaii,Lavender,Summer
2694,2695,66,Female,Sunglasses,Accessories,27,Louisiana,Olive,Spring
2695,2696,50,Female,Hat,Accessories,92,Tennessee,Orange,Fall
2696,2697,57,Female,Coat,Outerwear,20,South Dakota,White,Spring
2697,2698,42,Female,Jacket,Outerwear,52,Delaware,Red,Winter
2698,2699,55,Female,Hoodie,Clothing,57,Virginia,Magenta,Summer
2699,2700,25,Female,Boots,Footwear,96,Utah,Violet,Fall
2700,2701,22,Female,T-shirt,Clothing,68,California,Olive,Winter
2701,2702,49,Female,Sweater,Clothing,30,Idaho,Silver,Summer
2702,2703,70,Female,Shoes,Footwear,37,Texas,Gray,Fall
2703,2704,56,Female,Scarf,Accessories,42,Tennessee,Olive,Winter
2704,2705,52,Female,Dress,Clothing,54,Tennessee,Beige,Spring
2705,2706,65,Female,Jacket,Outerwear,81,Washington,Turquoise,Spring
2706,2707,24,Female,Shoes,Footwear,40,Alabama,Blue,Spring
2707,2708,32,Female,Backpack,Accessories,88,Nebraska,Pink,Fall
2708,2709,57,Female,Dress,Clothing,94,Alabama,Teal,Summer
2709,2710,35,Female,Shirt,Clothing,54,Illinois,Cyan,Winter
2710,2711,69,Female,Jacket,Outerwear,51,Wisconsin,Purple,Summer
2711,2712,30,Female,Sunglasses,Accessories,22,Nebraska,Red,Spring
2712,2713,37,Female,Jacket,Outerwear,95,North Dakota,Brown,Fall
2713,2714,19,Female,Coat,Outerwear,57,Mississippi,Magenta,Fall
2714,2715,53,Female,Sweater,Clothing,45,Iowa,Olive,Winter
2715,2716,25,Female,Sneakers,Footwear,92,Mississippi,Pink,Winter
2716,2717,47,Female,Shoes,Footwear,40,Colorado,Black,Spring
2717,2718,18,Female,Sunglasses,Accessories,62,Nebraska,Beige,Winter
2718,2719,22,Female,Shorts,Clothing,90,Virginia,Peach,Winter
2719,2720,69,Female,Hoodie,Clothing,82,Louisiana,Peach,Fall
2720,2721,55,Female,Scarf,Accessories,52,Maryland,Peach,Spring
2721,2722,19,Female,Sandals,Footwear,70,Minnesota,Teal,Spring
2722,2723,23,Female,Hat,Accessories,83,Maine,Green,Spring
2723,2724,54,Female,Shoes,Footwear,49,Texas,Brown,Summer
2724,2725,52,Female,Sneakers,Footwear,91,Missouri,Brown,Spring
2725,2726,64,Female,Backpack,Accessories,99,Mississippi,Violet,Summer
2726,2727,33,Female,Belt,Accessories,92,Michigan,Blue,Winter
2727,2728,40,Female,Shirt,Clothing,87,Colorado,Charcoal,Winter
2728,2729,26,Female,Skirt,Clothing,28,Florida,Pink,Winter
2729,2730,31,Female,Gloves,Accessories,71,Montana,Violet,Summer
2730,2731,23,Female,Gloves,Accessories,32,Wisconsin,Teal,Winter
2731,2732,52,Female,Handbag,Accessories,33,Wisconsin,Red,Summer
2732,2733,21,Female,Socks,Clothing,75,Delaware,Orange,Winter
2733,2734,31,Female,Backpack,Accessories,83,North Carolina,Magenta,Summer
2734,2735,63,Female,Jeans,Clothing,93,New York,Yellow,Summer
2735,2736,46,Female,Skirt,Clothing,29,California,Yellow,Spring
2736,2737,44,Female,Hoodie,Clothing,25,Montana,Pink,Spring
2737,2738,57,Female,Jewelry,Accessories,76,North Carolina,Indigo,Spring
2738,2739,50,Female,Sneakers,Footwear,81,Ohio,Charcoal,Summer
2739,2740,33,Female,Shirt,Clothing,80,Alaska,Blue,Winter
2740,2741,19,Female,Sunglasses,Accessories,70,Pennsylvania,Lavender,Summer
2741,2742,68,Female,Dress,Clothing,81,Maine,Yellow,Fall
2742,2743,27,Female,Shoes,Footwear,86,Texas,Black,Spring
2743,2744,61,Female,Belt,Accessories,94,New Jersey,Beige,Fall
2744,2745,38,Female,Shirt,Clothing,66,Wyoming,Silver,Winter
2745,2746,28,Female,Boots,Footwear,98,Michigan,Magenta,Summer
2746,2747,39,Female,Hoodie,Clothing,25,Ohio,Orange,Fall
2747,2748,18,Female,Jeans,Clothing,62,West Virginia,Teal,Winter
2748,2749,24,Female,Jacket,Outerwear,98,Virginia,Turquoise,Spring
2749,2750,64,Female,Jacket,Outerwear,53,Vermont,Cyan,Spring
2750,2751,51,Female,Sandals,Footwear,66,Alaska,Pink,Spring
2751,2752,27,Female,Dress,Clothing,52,Minnesota,Indigo,Fall
2752,2753,48,Female,Sweater,Clothing,64,Colorado,Peach,Winter
2753,2754,69,Female,Gloves,Accessories,59,Rhode Island,Beige,Spring
2754,2755,59,Female,Sunglasses,Accessories,61,New Jersey,Gold,Summer
2755,2756,59,Female,Belt,Accessories,97,Nevada,Indigo,Winter
2756,2757,42,Female,Hat,Accessories,23,Minnesota,Violet,Winter
2757,2758,39,Female,Hat,Accessories,98,Delaware,Brown,Fall
2758,2759,32,Female,Blouse,Clothing,98,Illinois,Purple,Summer
2759,2760,68,Female,Shoes,Footwear,59,Washington,Turquoise,Summer
2760,2761,41,Female,Skirt,Clothing,82,Alaska,Violet,Fall
2761,2762,31,Female,Sneakers,Footwear,82,Michigan,Purple,Fall
2762,2763,58,Female,T-shirt,Clothing,41,Georgia,Charcoal,Fall
2763,2764,28,Female,Handbag,Accessories,52,West Virginia,Green,Fall
2764,2765,63,Female,Sweater,Clothing,41,Arizona,White,Spring
2765,2766,64,Female,Gloves,Accessories,70,Colorado,Purple,Summer
2766,2767,66,Female,Dress,Clothing,91,Tennessee,Cyan,Winter
2767,2768,31,Female,Dress,Clothing,95,Iowa,Green,Spring
2768,2769,55,Female,Blouse,Clothing,25,Kansas,Beige,Spring
2769,2770,32,Female,Shirt,Clothing,89,Oklahoma,Lavender,Fall
2770,2771,50,Female,Boots,Footwear,44,Nebraska,Blue,Fall
2771,2772,58,Female,Jacket,Outerwear,52,Maryland,Beige,Summer
2772,2773,18,Female,Backpack,Accessories,94,Pennsylvania,Blue,Spring
2773,2774,39,Female,Pants,Clothing,98,Arizona,Maroon,Spring
2774,2775,56,Female,Boots,Footwear,40,Oklahoma,Yellow,Fall
2775,2776,37,Female,Socks,Clothing,25,Montana,Red,Fall
2776,2777,46,Female,Scarf,Accessories,62,Wyoming,Green,Fall
2777,2778,52,Female,Blouse,Clothing,24,Idaho,Magenta,Fall
2778,2779,70,Female,Belt,Accessories,57,Pennsylvania,Yellow,Spring
2779,2780,61,Female,Sunglasses,Accessories,66,Montana,Blue,Winter
2780,2781,33,Female,Boots,Footwear,70,Ohio,Charcoal,Winter
2781,2782,65,Female,Sandals,Footwear,39,Mississippi,Blue,Spring
2782,2783,41,Female,Gloves,Accessories,34,Idaho,Cyan,Spring
2783,2784,19,Female,Skirt,Clothing,38,Virginia,Silver,Spring
2784,2785,33,Female,Skirt,Clothing,70,Idaho,Black,Winter
2785,2786,53,Female,Blouse,Clothing,80,Louisiana,Green,Summer
2786,2787,54,Female,Handbag,Accessories,51,Colorado,Violet,Spring
2787,2788,36,Female,Boots,Footwear,79,West Virginia,Pink,Spring
2788,2789,56,Female,Boots,Footwear,92,Rhode Island,Olive,Summer
2789,2790,28,Female,Sweater,Clothing,85,North Carolina,Orange,Fall
2790,2791,34,Female,Socks,Clothing,63,Maine,Black,Spring
2791,2792,43,Female,Gloves,Accessories,60,Iowa,Yellow,Fall
2792,2793,54,Female,Shorts,Clothing,44,Kentucky,Violet,Winter
2793,2794,37,Female,Boots,Footwear,57,Massachusetts,Silver,Spring
2794,2795,33,Female,Jacket,Outerwear,24,New York,Gold,Fall
2795,2796,33,Female,Scarf,Accessories,35,Nebraska,Magenta,Winter
2796,2797,55,Female,Jacket,Outerwear,73,Oklahoma,Red,Winter
2797,2798,63,Female,Jewelry,Accessories,42,Oklahoma,Green,Winter
2798,2799,52,Female,Hoodie,Clothing,20,Rhode Island,Red,Winter
2799,2800,23,Female,T-shirt,Clothing,89,Maine,Pink,Spring
2800,2801,70,Female,Shirt,Clothing,76,Arkansas,Violet,Fall
2801,2802,64,Female,Shirt,Clothing,56,New Mexico,Indigo,Winter
2802,2803,22,Female,Coat,Outerwear,100,Hawaii,Red,Fall
2803,2804,46,Female,T-shirt,Clothing,44,Idaho,Violet,Winter
2804,2805,65,Female,Hoodie,Clothing,76,South Carolina,Cyan,Spring
2805,2806,18,Female,Sunglasses,Accessories,97,Nevada,Black,Fall
2806,2807,45,Female,Blouse,Clothing,39,South Carolina,Purple,Spring
2807,2808,56,Female,Hoodie,Clothing,100,Maryland,Charcoal,Spring
2808,2809,49,Female,Skirt,Clothing,62,Tennessee,Beige,Spring
2809,2810,66,Female,Shorts,Clothing,98,Arkansas,Teal,Summer
2810,2811,27,Female,Jeans,Clothing,31,Arizona,Purple,Summer
2811,2812,69,Female,Jacket,Outerwear,89,Ohio,Blue,Fall
2812,2813,66,Female,Hoodie,Clothing,91,North Dakota,Magenta,Fall
2813,2814,45,Female,Shirt,Clothing,50,Vermont,Maroon,Summer
2814,2815,31,Female,T-shirt,Clothing,32,Minnesota,Gold,Winter
2815,2816,33,Female,Blouse,Clothing,67,Idaho,Black,Fall
2816,2817,43,Female,Skirt,Clothing,28,Maryland,Black,Spring
2817,2818,25,Female,Backpack,Accessories,65,South Carolina,Yellow,Winter
2818,2819,46,Female,Shorts,Clothing,73,California,Turquoise,Fall
2819,2820,67,Female,Shirt,Clothing,27,Georgia,Lavender,Spring
2820,2821,26,Female,Backpack,Accessories,89,Vermont,Yellow,Summer
2821,2822,35,Female,Shoes,Footwear,72,Georgia,Olive,Summer
2822,2823,61,Female,Skirt,Clothing,37,New Jersey,Brown,Fall
2823,2824,26,Female,Dress,Clothing,63,Utah,Olive,Summer
2824,2825,39,Female,Hat,Accessories,90,Utah,Purple,Fall
2825,2826,69,Female,Handbag,Accessories,62,North Carolina,Yellow,Winter
2826,2827,32,Female,Handbag,Accessories,43,Florida,Brown,Fall
2827,2828,20,Female,Blouse,Clothing,96,Wisconsin,Magenta,Fall
2828,2829,25,Female,Scarf,Accessories,83,Tennessee,Lavender,Fall
2829,2830,56,Female,Jewelry,Accessories,67,Arizona,Teal,Fall
2830,2831,63,Female,Skirt,Clothing,90,Oregon,Cyan,Spring
2831,2832,34,Female,Hoodie,Clothing,53,Virginia,Pink,Winter
2832,2833,29,Female,Scarf,Accessories,37,Maryland,Magenta,Summer
2833,2834,43,Female,Jeans,Clothing,56,Arkansas,Teal,Fall
2834,2835,39,Female,Jacket,Outerwear,43,Texas,Indigo,Fall
2835,2836,33,Female,T-shirt,Clothing,84,Vermont,Pink,Winter
2836,2837,51,Female,Pants,Clothing,50,Wyoming,Charcoal,Winter
2837,2838,65,Female,Shoes,Footwear,88,Alabama,Brown,Summer
2838,2839,51,Female,Jacket,Outerwear,50,Maine,Blue,Fall
2839,2840,70,Female,Scarf,Accessories,80,South Dakota,Teal,Summer
2840,2841,40,Female,T-shirt,Clothing,47,West Virginia,Pink,Spring
2841,2842,19,Female,Dress,Clothing,33,Ohio,Magenta,Winter
2842,2843,28,Female,Coat,Outerwear,100,Arizona,Green,Fall
2843,2844,51,Female,Sweater,Clothing,26,Ohio,White,Summer
2844,2845,32,Female,Hat,Accessories,79,New Mexico,Indigo,Summer
2845,2846,26,Female,Backpack,Accessories,77,South Dakota,Lavender,Summer
2846,2847,50,Female,Socks,Clothing,36,Oklahoma,Black,Fall
2847,2848,68,Female,Jewelry,Accessories,21,Connecticut,Charcoal,Winter
2848,2849,33,Female,Boots,Footwear,72,Wisconsin,Gray,Fall
2849,2850,56,Female,Coat,Outerwear,25,New Hampshire,Gold,Spring
2850,2851,57,Female,Sweater,Clothing,79,Nebraska,Silver,Spring
2851,2852,58,Female,Blouse,Clothing,73,Nevada,Teal,Summer
2852,2853,40,Female,Belt,Accessories,71,New York,Magenta,Spring
2853,2854,37,Female,Hat,Accessories,48,Pennsylvania,Magenta,Winter
2854,2855,36,Female,Sandals,Footwear,28,Delaware,Beige,Fall
2855,2856,29,Female,Boots,Footwear,95,Mississippi,Maroon,Winter
2856,2857,65,Female,Jacket,Outerwear,48,Iowa,Indigo,Winter
2857,2858,44,Female,Dress,Clothing,93,Utah,Maroon,Spring
2858,2859,34,Female,Jeans,Clothing,87,Maryland,Teal,Summer
2859,2860,31,Female,Shorts,Clothing,32,Utah,Yellow,Fall
2860,2861,28,Female,Shirt,Clothing,38,Rhode Island,Gold,Spring
2861,2862,66,Female,Coat,Outerwear,54,Maryland,Teal,Fall
2862,2863,68,Female,Coat,Outerwear,75,Hawaii,Violet,Summer
2863,2864,37,Female,T-shirt,Clothing,56,Connecticut,Yellow,Fall
2864,2865,58,Female,Sweater,Clothing,43,Illinois,Maroon,Fall
2865,2866,28,Female,Skirt,Clothing,97,California,Silver,Fall
2866,2867,54,Female,Blouse,Clothing,75,Connecticut,Violet,Summer
2867,2868,21,Female,Sneakers,Footwear,55,Colorado,White,Summer
2868,2869,45,Female,Backpack,Accessories,49,Colorado,Black,Winter
2869,2870,57,Female,Socks,Clothing,58,Georgia,White,Summer
2870,2871,47,Female,Jewelry,Accessories,34,North Dakota,Blue,Winter
2871,2872,46,Female,Shorts,Clothing,43,Idaho,Black,Summer
2872,2873,63,Female,Jewelry,Accessories,48,Connecticut,Olive,Fall
2873,2874,44,Female,Sweater,Clothing,40,Montana,Teal,Spring
2874,2875,36,Female,Shirt,Clothing,29,Colorado,Silver,Summer
2875,2876,24,Female,Pants,Clothing,81,Kentucky,Pink,Fall
2876,2877,65,Female,Hoodie,Clothing,84,New Mexico,Charcoal,Spring
2877,2878,32,Female,Socks,Clothing,46,New Jersey,Silver,Summer
2878,2879,63,Female,Dress,Clothing,86,California,Turquoise,Summer
2879,2880,62,Female,Blouse,Clothing,57,North Dakota,Turquoise,Winter
2880,2881,19,Female,Skirt,Clothing,61,Florida,Beige,Winter
2881,2882,38,Female,Backpack,Accessories,90,Texas,Cyan,Winter
2882,2883,59,Female,Blouse,Clothing,51,Oklahoma,Gold,Winter
2883,2884,22,Female,Socks,Clothing,48,Rhode Island,Silver,Spring
2884,2885,55,Female,Boots,Footwear,50,Arkansas,Purple,Summer
2885,2886,29,Female,Backpack,Accessories,82,Nevada,Yellow,Summer
2886,2887,42,Female,Hat,Accessories,33,Utah,Blue,Spring
2887,2888,23,Female,Sandals,Footwear,28,Kentucky,Blue,Winter
2888,2889,70,Female,Hoodie,Clothing,42,Wisconsin,Green,Spring
2889,2890,64,Female,Sunglasses,Accessories,43,Minnesota,Charcoal,Fall
2890,2891,39,Female,Jeans,Clothing,55,North Dakota,Violet,Winter
2891,2892,47,Female,T-shirt,Clothing,73,Ohio,Black,Winter
2892,2893,22,Female,Dress,Clothing,39,Nevada,Teal,Spring
2893,2894,69,Female,Belt,Accessories,20,Kentucky,Orange,Spring
2894,2895,35,Female,Jewelry,Accessories,32,Kentucky,Brown,Spring
2895,2896,56,Female,Hoodie,Clothing,86,Montana,Green,Summer
2896,2897,30,Female,Blouse,Clothing,91,Delaware,Silver,Summer
2897,2898,43,Female,Jacket,Outerwear,59,Montana,Violet,Fall
2898,2899,23,Female,Sneakers,Footwear,33,New Jersey,Peach,Summer
2899,2900,50,Female,Boots,Footwear,64,Nebraska,Gold,Spring
2900,2901,41,Female,Blouse,Clothing,67,Maryland,Violet,Winter
2901,2902,41,Female,Blouse,Clothing,43,Alabama,Olive,Winter
2902,2903,27,Female,Boots,Footwear,32,North Carolina,Orange,Spring
2903,2904,38,Female,Scarf,Accessories,39,Delaware,Teal,Spring
2904,2905,41,Female,Sandals,Footwear,41,Iowa,Gray,Spring
2905,2906,58,Female,Sunglasses,Accessories,53,New York,Black,Winter
2906,2907,58,Female,Coat,Outerwear,27,Virginia,Indigo,Spring
2907,2908,19,Female,Sunglasses,Accessories,82,Maryland,Lavender,Summer
2908,2909,43,Female,Blouse,Clothing,87,Texas,Beige,Winter
2909,2910,27,Female,Backpack,Accessories,78,Louisiana,Indigo,Winter
2910,2911,32,Female,Belt,Accessories,32,Mississippi,Blue,Summer
2911,2912,28,Female,Socks,Clothing,38,Ohio,Orange,Fall
2912,2913,48,Female,Shoes,Footwear,37,Oregon,Yellow,Winter
2913,2914,43,Female,Coat,Outerwear,83,Wyoming,Cyan,Winter
2914,2915,45,Female,Sweater,Clothing,72,Pennsylvania,Yellow,Fall
2915,2916,26,Female,Shirt,Clothing,30,Oregon,Cyan,Fall
2916,2917,62,Female,Shorts,Clothing,66,Oklahoma,Green,Winter
2917,2918,58,Female,Shirt,Clothing,45,Colorado,White,Winter
2918,2919,19,Female,Sunglasses,Accessories,73,New York,Black,Fall
2919,2920,64,Female,Shoes,Footwear,67,Minnesota,Charcoal,Winter
2920,2921,33,Female,Sunglasses,Accessories,72,Texas,Brown,Spring
2921,2922,20,Female,Handbag,Accessories,24,Wisconsin,Cyan,Fall
2922,2923,45,Female,Sunglasses,Accessories,68,Kentucky,Beige,Winter
2923,2924,28,Female,Shirt,Clothing,70,Pennsylvania,Magenta,Spring
2924,2925,47,Female,Shirt,Clothing,64,Rhode Island,Indigo,Winter
2925,2926,54,Female,Sweater,Clothing,91,Illinois,Maroon,Spring
2926,2927,64,Female,Handbag,Accessories,82,Maryland,Gray,Winter
2927,2928,45,Female,Shirt,Clothing,24,Missouri,Black,Summer
2928,2929,40,Female,Jewelry,Accessories,80,Alabama,Yellow,Spring
2929,2930,31,Female,Socks,Clothing,53,Maine,White,Winter
2930,2931,38,Female,T-shirt,Clothing,50,Mississippi,Orange,Spring
2931,2932,36,Female,Jewelry,Accessories,31,Alabama,Magenta,Fall
2932,2933,65,Female,Backpack,Accessories,88,Alaska,Black,Spring
2933,2934,27,Female,Hat,Accessories,52,Illinois,Brown,Summer
2934,2935,38,Female,Gloves,Accessories,22,Idaho,Orange,Fall
2935,2936,58,Female,Sneakers,Footwear,27,North Carolina,Gray,Spring
2936,2937,31,Female,Skirt,Clothing,34,Washington,White,Spring
2937,2938,28,Female,Handbag,Accessories,39,West Virginia,White,Spring
2938,2939,28,Female,Sunglasses,Accessories,53,Maine,Violet,Fall
2939,2940,32,Female,Sweater,Clothing,46,Kentucky,Beige,Winter
2940,2941,61,Female,Handbag,Accessories,85,Massachusetts,Beige,Summer
2941,2942,38,Female,Skirt,Clothing,86,Pennsylvania,Purple,Spring
2942,2943,54,Female,Socks,Clothing,63,Hawaii,Brown,Summer
2943,2944,29,Female,Shirt,Clothing,44,Virginia,Orange,Spring
2944,2945,50,Female,Sneakers,Footwear,95,New York,Cyan,Summer
2945,2946,32,Female,Belt,Accessories,49,Delaware,Charcoal,Summer
2946,2947,38,Female,Pants,Clothing,77,Hawaii,Purple,Spring
2947,2948,52,Female,Jewelry,Accessories,63,Nebraska,Peach,Spring
2948,2949,61,Female,Pants,Clothing,83,Vermont,Violet,Winter
2949,2950,25,Female,Jewelry,Accessories,93,Iowa,Peach,Spring
2950,2951,22,Female,Jeans,Clothing,91,Iowa,Maroon,Winter
2951,2952,47,Female,Scarf,Accessories,99,Arkansas,Maroon,Fall
2952,2953,50,Female,Belt,Accessories,24,Alabama,Peach,Spring
2953,2954,45,Female,Dress,Clothing,82,Maryland,Silver,Summer
2954,2955,33,Female,T-shirt,Clothing,28,South Dakota,Indigo,Winter
2955,2956,42,Female,Boots,Footwear,67,Vermont,Silver,Winter
2956,2957,52,Female,Dress,Clothing,88,Montana,Olive,Fall
2957,2958,69,Female,Jewelry,Accessories,70,South Dakota,Gray,Fall
2958,2959,55,Female,Skirt,Clothing,100,Ohio,Black,Summer
2959,2960,38,Female,Handbag,Accessories,28,Texas,Maroon,Summer
2960,2961,57,Female,Coat,Outerwear,48,Indiana,Olive,Spring
2961,2962,33,Female,Hoodie,Clothing,43,New Hampshire,Gold,Fall
2962,2963,57,Female,Pants,Clothing,40,California,Pink,Fall
2963,2964,52,Female,Boots,Footwear,97,Maine,Brown,Spring
2964,2965,44,Female,Coat,Outerwear,25,Ohio,White,Fall
2965,2966,48,Female,Scarf,Accessories,45,Delaware,Blue,Summer
2966,2967,52,Female,Boots,Footwear,49,Oklahoma,Orange,Fall
2967,2968,34,Female,Sneakers,Footwear,36,Indiana,Silver,Summer
2968,2969,26,Female,Sweater,Clothing,48,South Carolina,Gray,Fall
2969,2970,36,Female,Belt,Accessories,62,Vermont,Blue,Fall
2970,2971,24,Female,Jewelry,Accessories,74,Kansas,White,Winter
2971,2972,30,Female,Handbag,Accessories,100,Utah,Yellow,Fall
2972,2973,31,Female,Jacket,Outerwear,39,New York,Indigo,Fall
2973,2974,25,Female,Boots,Footwear,65,Indiana,Blue,Summer
2974,2975,57,Female,Sneakers,Footwear,99,Tennessee,Peach,Summer
2975,2976,61,Female,Scarf,Accessories,68,Georgia,Lavender,Winter
2976,2977,30,Female,Coat,Outerwear,97,Nebraska,Silver,Summer
2977,2978,38,Female,Shorts,Clothing,47,Washington,Gold,Winter
2978,2979,53,Female,Shorts,Clothing,56,Idaho,Cyan,Spring
2979,2980,31,Female,Jeans,Clothing,91,Louisiana,Olive,Fall
2980,2981,70,Female,Gloves,Accessories,93,New Jersey,Teal,Fall
2981,2982,21,Female,Pants,Clothing,36,Delaware,Pink,Winter
2982,2983,33,Female,Dress,Clothing,45,Wisconsin,Orange,Summer
2983,2984,60,Female,Pants,Clothing,44,West Virginia,Charcoal,Winter
2984,2985,45,Female,Gloves,Accessories,32,Texas,Red,Spring
2985,2986,46,Female,Belt,Accessories,36,Hawaii,Teal,Summer
2986,2987,62,Female,Belt,Accessories,85,Arizona,Silver,Summer
2987,2988,63,Female,Skirt,Clothing,36,Louisiana,Black,Winter
2988,2989,69,Female,Socks,Clothing,55,Nevada,Pink,Spring
2989,2990,46,Female,Belt,Accessories,20,Rhode Island,Teal,Summer
2990,2991,69,Female,Shirt,Clothing,91,Illinois,Teal,Fall
2991,2992,66,Female,Dress,Clothing,71,Utah,Green,Summer
2992,2993,41,Female,Socks,Clothing,64,North Dakota,Charcoal,Spring
2993,2994,32,Female,Jacket,Outerwear,21,Kansas,Indigo,Spring
2994,2995,69,Female,Sweater,Clothing,100,Nevada,White,Winter
2995,2996,29,Female,Jeans,Clothing,96,Virginia,Orange,Summer
2996,2997,70,Female,Jewelry,Accessories,91,Utah,White,Spring
2997,2998,41,Female,Sweater,Clothing,40,Idaho,Yellow,Spring
2998,2999,31,Female,Hoodie,Clothing,53,Alaska,Red,Summer
2999,3000,31,Female,Sunglasses,Accessories,48,New Hampshire,Charcoal,Winter
3000,3001,57,Female,Sandals,Footwear,70,Ohio,Lavender,Winter
3001,3002,29,Female,Coat,Outerwear,29,Montana,Charcoal,Summer
3002,3003,70,Female,Belt,Accessories,29,Louisiana,Maroon,Fall
3003,3004,51,Female,Blouse,Clothing,53,Oregon,Brown,Fall
3004,3005,45,Female,Skirt,Clothing,79,Arizona,Lavender,Winter
3005,3006,18,Female,Shorts,Clothing,65,Alaska,Brown,Spring
3006,3007,37,Female,Dress,Clothing,99,Utah,Olive,Summer
3007,3008,23,Female,Sunglasses,Accessories,60,New York,Lavender,Winter
3008,3009,39,Female,Shoes,Footwear,86,New Mexico,Gold,Winter
3009,3010,62,Female,Belt,Accessories,73,Louisiana,Silver,Winter
3010,3011,70,Female,Belt,Accessories,45,Ohio,Violet,Winter
3011,3012,20,Female,Belt,Accessories,70,Nevada,Brown,Summer
3012,3013,42,Female,Belt,Accessories,65,Idaho,Teal,Fall
3013,3014,41,Female,Skirt,Clothing,55,Arizona,Peach,Summer
3014,3015,24,Female,T-shirt,Clothing,65,Utah,Maroon,Spring
3015,3016,37,Female,Scarf,Accessories,21,Wyoming,Lavender,Spring
3016,3017,30,Female,Blouse,Clothing,26,Indiana,Lavender,Summer
3017,3018,58,Female,Sunglasses,Accessories,71,Wisconsin,Purple,Summer
3018,3019,43,Female,Boots,Footwear,41,Texas,Green,Summer
3019,3020,19,Female,Jacket,Outerwear,44,Utah,Yellow,Winter
3020,3021,23,Female,Jeans,Clothing,81,Arkansas,Charcoal,Fall
3021,3022,65,Female,Sunglasses,Accessories,77,Pennsylvania,Blue,Summer
3022,3023,58,Female,Sandals,Footwear,26,Georgia,Lavender,Fall
3023,3024,50,Female,Backpack,Accessories,31,Indiana,Brown,Summer
3024,3025,67,Female,Blouse,Clothing,82,Idaho,White,Spring
3025,3026,40,Female,Shoes,Footwear,60,Montana,Green,Summer
3026,3027,55,Female,Shirt,Clothing,70,Tennessee,Magenta,Fall
3027,3028,52,Female,Hoodie,Clothing,26,West Virginia,Peach,Winter
3028,3029,62,Female,Dress,Clothing,100,California,Charcoal,Summer
3029,3030,64,Female,Dress,Clothing,82,Georgia,Gold,Summer
3030,3031,43,Female,Sneakers,Footwear,24,Maryland,Purple,Spring
3031,3032,61,Female,Blouse,Clothing,74,Idaho,Teal,Summer
3032,3033,26,Female,Backpack,Accessories,58,California,Green,Summer
3033,3034,22,Female,Sweater,Clothing,56,Alabama,Orange,Spring
3034,3035,51,Female,Boots,Footwear,37,Utah,Peach,Spring
3035,3036,69,Female,Handbag,Accessories,64,Kentucky,Gold,Spring
3036,3037,50,Female,Hoodie,Clothing,58,Vermont,Violet,Spring
3037,3038,51,Female,Belt,Accessories,44,Iowa,Charcoal,Summer
3038,3039,56,Female,Jewelry,Accessories,39,Georgia,Brown,Summer
3039,3040,59,Female,Blouse,Clothing,48,Alabama,Blue,Spring
3040,3041,18,Female,Handbag,Accessories,32,Nebraska,Gold,Fall
3041,3042,48,Female,Handbag,Accessories,79,Rhode Island,Orange,Winter
3042,3043,53,Female,Coat,Outerwear,27,South Dakota,Turquoise,Winter
3043,3044,45,Female,Belt,Accessories,98,Illinois,Peach,Fall
3044,3045,21,Female,Boots,Footwear,67,North Carolina,Magenta,Winter
3045,3046,42,Female,Socks,Clothing,37,Florida,Black,Winter
3046,3047,60,Female,Shoes,Footwear,49,Pennsylvania,White,Spring
3047,3048,21,Female,Sneakers,Footwear,74,Vermont,Violet,Fall
3048,3049,69,Female,Jewelry,Accessories,93,Colorado,Olive,Summer
3049,3050,40,Female,Handbag,Accessories,60,Utah,Red,Summer
3050,3051,31,Female,Coat,Outerwear,76,Kentucky,Green,Spring
3051,3052,44,Female,Sunglasses,Accessories,64,Wyoming,Gold,Summer
3052,3053,48,Female,Shoes,Footwear,38,Maine,Olive,Spring
3053,3054,32,Female,Shoes,Footwear,91,Maine,Brown,Winter
3054,3055,42,Female,Boots,Footwear,70,New Hampshire,Magenta,Summer
3055,3056,27,Female,Sandals,Footwear,22,Kansas,Violet,Fall
3056,3057,69,Female,Gloves,Accessories,59,New Jersey,Beige,Spring
3057,3058,67,Female,Backpack,Accessories,22,North Carolina,Blue,Spring
3058,3059,41,Female,Handbag,Accessories,74,West Virginia,Orange,Winter
3059,3060,46,Female,Sweater,Clothing,71,Kentucky,Maroon,Spring
3060,3061,47,Female,Coat,Outerwear,80,California,Charcoal,Summer
3061,3062,33,Female,T-shirt,Clothing,59,South Dakota,Olive,Fall
3062,3063,51,Female,Backpack,Accessories,96,California,Green,Fall
3063,3064,26,Female,Sunglasses,Accessories,43,Connecticut,Brown,Winter
3064,3065,22,Female,Belt,Accessories,76,Idaho,Cyan,Winter
3065,3066,49,Female,Jacket,Outerwear,59,North Dakota,Beige,Fall
3066,3067,58,Female,Skirt,Clothing,48,Michigan,Teal,Summer
3067,3068,70,Female,Belt,Accessories,22,Missouri,Gray,Spring
3068,3069,32,Female,Boots,Footwear,40,California,Indigo,Winter
3069,3070,62,Female,Jeans,Clothing,73,Delaware,Magenta,Spring
3070,3071,52,Female,Shoes,Footwear,26,Alabama,Red,Fall
3071,3072,23,Female,Sweater,Clothing,41,New Hampshire,Turquoise,Spring
3072,3073,26,Female,Jewelry,Accessories,98,New York,Peach,Spring
3073,3074,58,Female,Shirt,Clothing,63,Oregon,White,Winter
3074,3075,26,Female,Boots,Footwear,55,Massachusetts,Maroon,Winter
3075,3076,54,Female,Shorts,Clothing,90,Utah,Beige,Winter
3076,3077,66,Female,Handbag,Accessories,46,New Hampshire,Blue,Summer
3077,3078,60,Female,Sweater,Clothing,88,Illinois,Red,Spring
3078,3079,32,Female,Belt,Accessories,95,Alaska,Blue,Spring
3079,3080,48,Female,Belt,Accessories,31,Wyoming,Maroon,Fall
3080,3081,69,Female,Hoodie,Clothing,42,Colorado,Yellow,Spring
3081,3082,64,Female,Sneakers,Footwear,44,Vermont,Pink,Winter
3082,3083,56,Female,T-shirt,Clothing,99,Utah,Maroon,Spring
3083,3084,22,Female,Pants,Clothing,20,Illinois,Purple,Summer
3084,3085,46,Female,Scarf,Accessories,37,Idaho,Indigo,Spring
3085,3086,24,Female,Sweater,Clothing,50,Nevada,Gray,Winter
3086,3087,47,Female,Handbag,Accessories,73,Utah,Lavender,Summer
3087,3088,62,Female,Shirt,Clothing,84,North Carolina,Charcoal,Spring
3088,3089,34,Female,Dress,Clothing,64,Arkansas,Teal,Spring
3089,3090,50,Female,Sandals,Footwear,21,North Carolina,Blue,Fall
3090,3091,29,Female,Shirt,Clothing,36,Texas,Peach,Summer
3091,3092,68,Female,Dress,Clothing,81,Nevada,Orange,Winter
3092,3093,52,Female,Sunglasses,Accessories,54,Utah,Silver,Fall
3093,3094,29,Female,Socks,Clothing,63,Pennsylvania,Red,Summer
3094,3095,22,Female,Sandals,Footwear,59,Georgia,Gray,Summer
3095,3096,62,Female,Hat,Accessories,53,Minnesota,Beige,Fall
3096,3097,69,Female,Shirt,Clothing,63,Kansas,White,Winter
3097,3098,48,Female,Shoes,Footwear,33,Delaware,Silver,Fall
3098,3099,66,Female,Pants,Clothing,64,New Mexico,Cyan,Summer
3099,3100,42,Female,Shirt,Clothing,98,Michigan,Maroon,Fall
3100,3101,50,Female,Hat,Accessories,85,Vermont,Purple,Winter
3101,3102,32,Female,Jewelry,Accessories,82,Idaho,Brown,Summer
3102,3103,51,Female,Jacket,Outerwear,85,South Dakota,Green,Summer
3103,3104,27,Female,Shirt,Clothing,37,Illinois,Peach,Winter
3104,3105,43,Female,Pants,Clothing,56,Georgia,Turquoise,Summer
3105,3106,48,Female,Skirt,Clothing,33,Oregon,Olive,Fall
3106,3107,62,Female,Sandals,Footwear,57,Alabama,Yellow,Winter
3107,3108,65,Female,Blouse,Clothing,31,Hawaii,Gray,Winter
3108,3109,50,Female,Socks,Clothing,69,Oregon,Purple,Fall
3109,3110,60,Female,Jacket,Outerwear,92,Illinois,Gray,Winter
3110,3111,19,Female,Handbag,Accessories,46,Texas,Lavender,Fall
3111,3112,21,Female,Belt,Accessories,81,Kansas,Indigo,Spring
3112,3113,19,Female,Blouse,Clothing,97,Texas,Green,Fall
3113,3114,46,Female,Shirt,Clothing,93,Nebraska,Green,Summer
3114,3115,21,Female,Handbag,Accessories,56,Arkansas,Olive,Spring
3115,3116,26,Female,Scarf,Accessories,53,South Dakota,Charcoal,Fall
3116,3117,50,Female,Coat,Outerwear,66,Montana,Gray,Spring
3117,3118,43,Female,Hoodie,Clothing,50,Florida,Olive,Fall
3118,3119,61,Female,Shorts,Clothing,97,Virginia,Blue,Summer
3119,3120,63,Female,Sandals,Footwear,79,Louisiana,Silver,Winter
3120,3121,46,Female,Shirt,Clothing,76,Louisiana,Magenta,Fall
3121,3122,63,Female,Hoodie,Clothing,38,Louisiana,Black,Fall
3122,3123,23,Female,Socks,Clothing,45,Georgia,Pink,Fall
3123,3124,57,Female,Handbag,Accessories,77,Iowa,Red,Fall
3124,3125,57,Female,Jewelry,Accessories,51,California,Peach,Summer
3125,3126,33,Female,Coat,Outerwear,26,Oregon,Lavender,Spring
3126,3127,57,Female,Sunglasses,Accessories,76,Maine,Lavender,Winter
3127,3128,55,Female,Gloves,Accessories,94,Louisiana,Beige,Winter
3128,3129,65,Female,Jacket,Outerwear,32,Arkansas,Indigo,Fall
3129,3130,60,Female,Sandals,Footwear,20,Maryland,Cyan,Summer
3130,3131,52,Female,Pants,Clothing,20,Vermont,Yellow,Summer
3131,3132,34,Female,Jacket,Outerwear,59,North Dakota,Peach,Fall
3132,3133,33,Female,Sweater,Clothing,97,Michigan,Yellow,Summer
3133,3134,58,Female,T-shirt,Clothing,68,Arkansas,Orange,Spring
3134,3135,35,Female,Boots,Footwear,66,Kentucky,Gray,Spring
3135,3136,68,Female,Shoes,Footwear,85,Indiana,Yellow,Spring
3136,3137,58,Female,Skirt,Clothing,32,Minnesota,Gray,Fall
3137,3138,34,Female,Coat,Outerwear,44,Louisiana,Turquoise,Spring
3138,3139,47,Female,Blouse,Clothing,95,Kentucky,Gray,Fall
3139,3140,35,Female,Sunglasses,Accessories,85,Georgia,Olive,Winter
3140,3141,34,Female,Gloves,Accessories,44,Alaska,Peach,Summer
3141,3142,36,Female,Sunglasses,Accessories,30,Mississippi,Peach,Winter
3142,3143,23,Female,Sneakers,Footwear,21,Kansas,Magenta,Winter
3143,3144,68,Female,Hoodie,Clothing,22,Arizona,Purple,Summer
3144,3145,23,Female,Boots,Footwear,70,Maine,Beige,Spring
3145,3146,57,Female,Handbag,Accessories,29,Texas,Purple,Spring
3146,3147,21,Female,Shirt,Clothing,83,Virginia,Yellow,Winter
3147,3148,45,Female,Sweater,Clothing,99,North Dakota,Pink,Winter
3148,3149,37,Female,Shorts,Clothing,35,West Virginia,Purple,Fall
3149,3150,18,Female,Belt,Accessories,40,North Carolina,Lavender,Winter
3150,3151,55,Female,Blouse,Clothing,25,Georgia,Peach,Spring
3151,3152,52,Female,T-shirt,Clothing,64,New Mexico,Orange,Fall
3152,3153,49,Female,Belt,Accessories,90,North Carolina,Red,Fall
3153,3154,56,Female,Socks,Clothing,88,Alabama,Red,Fall
3154,3155,27,Female,Belt,Accessories,55,Connecticut,Gold,Winter
3155,3156,22,Female,Handbag,Accessories,90,Montana,Brown,Fall
3156,3157,18,Female,Shirt,Clothing,50,Montana,Black,Winter
3157,3158,21,Female,Belt,Accessories,34,Maine,Red,Fall
3158,3159,30,Female,Jewelry,Accessories,77,Mississippi,Gray,Winter
3159,3160,62,Female,Hat,Accessories,89,Louisiana,Pink,Winter
3160,3161,28,Female,Backpack,Accessories,87,Nebraska,Turquoise,Fall
3161,3162,66,Female,Dress,Clothing,77,Massachusetts,Charcoal,Winter
3162,3163,66,Female,Shoes,Footwear,85,Wisconsin,Blue,Winter
3163,3164,49,Female,Pants,Clothing,66,Nebraska,Turquoise,Summer
3164,3165,40,Female,Dress,Clothing,32,Arizona,Silver,Winter
3165,3166,49,Female,Jacket,Outerwear,92,Hawaii,Lavender,Spring
3166,3167,19,Female,Shirt,Clothing,80,Georgia,Gold,Winter
3167,3168,24,Female,Dress,Clothing,78,Oregon,Blue,Fall
3168,3169,31,Female,Jeans,Clothing,24,Montana,Orange,Spring
3169,3170,35,Female,T-shirt,Clothing,59,Georgia,White,Fall
3170,3171,65,Female,Sunglasses,Accessories,41,Rhode Island,Charcoal,Spring
3171,3172,68,Female,Jewelry,Accessories,26,Tennessee,Maroon,Spring
3172,3173,57,Female,Socks,Clothing,52,Missouri,Olive,Fall
3173,3174,69,Female,Skirt,Clothing,46,Washington,Teal,Summer
3174,3175,45,Female,Pants,Clothing,52,Oklahoma,Orange,Winter
3175,3176,35,Female,Socks,Clothing,42,Connecticut,Maroon,Fall
3176,3177,36,Female,Sandals,Footwear,37,Arkansas,Turquoise,Spring
3177,3178,55,Female,Belt,Accessories,52,Missouri,Beige,Fall
3178,3179,66,Female,Sandals,Footwear,34,Washington,Beige,Spring
3179,3180,57,Female,Shorts,Clothing,88,Idaho,Olive,Spring
3180,3181,18,Female,Handbag,Accessories,88,Montana,Turquoise,Fall
3181,3182,31,Female,Jacket,Outerwear,51,Montana,Charcoal,Summer
3182,3183,50,Female,Sunglasses,Accessories,97,Georgia,Green,Fall
3183,3184,50,Female,Sneakers,Footwear,56,Mississippi,Green,Winter
3184,3185,61,Female,Sweater,Clothing,53,Hawaii,Green,Spring
3185,3186,52,Female,Skirt,Clothing,71,Ohio,Gold,Fall
3186,3187,38,Female,Jewelry,Accessories,93,Virginia,Cyan,Winter
3187,3188,67,Female,Blouse,Clothing,72,Texas,Indigo,Winter
3188,3189,42,Female,Blouse,Clothing,59,Vermont,Lavender,Winter
3189,3190,25,Female,Boots,Footwear,87,Kansas,Beige,Summer
3190,3191,41,Female,Jeans,Clothing,78,California,Purple,Fall
3191,3192,62,Female,Hoodie,Clothing,68,Mississippi,Maroon,Winter
3192,3193,19,Female,Sweater,Clothing,76,Iowa,Maroon,Fall
3193,3194,63,Female,Gloves,Accessories,99,Virginia,Teal,Winter
3194,3195,43,Female,Sneakers,Footwear,52,Maryland,Gold,Summer
3195,3196,68,Female,Sunglasses,Accessories,58,Missouri,Red,Spring
3196,3197,24,Female,Belt,Accessories,59,Wisconsin,Maroon,Winter
3197,3198,27,Female,Sweater,Clothing,71,Maine,Teal,Spring
3198,3199,61,Female,Gloves,Accessories,94,Pennsylvania,Peach,Winter
3199,3200,59,Female,Handbag,Accessories,40,Maine,Pink,Winter
3200,3201,67,Female,Socks,Clothing,24,Missouri,Black,Spring
3201,3202,46,Female,Pants,Clothing,38,Vermont,Indigo,Fall
3202,3203,65,Female,Scarf,Accessories,37,Wisconsin,Green,Fall
3203,3204,63,Female,Coat,Outerwear,29,New Jersey,Teal,Spring
3204,3205,57,Female,Jacket,Outerwear,92,New Mexico,Lavender,Fall
3205,3206,40,Female,Hoodie,Clothing,24,Colorado,Magenta,Fall
3206,3207,36,Female,Boots,Footwear,52,California,Brown,Winter
3207,3208,67,Female,Socks,Clothing,29,Arizona,Beige,Summer
3208,3209,61,Female,Jewelry,Accessories,30,Indiana,Indigo,Winter
3209,3210,64,Female,Shoes,Footwear,31,Arkansas,Peach,Fall
3210,3211,30,Female,Socks,Clothing,67,Nevada,Magenta,Summer
3211,3212,53,Female,Pants,Clothing,65,Rhode Island,Turquoise,Winter
3212,3213,27,Female,Sneakers,Footwear,22,Wyoming,Indigo,Winter
3213,3214,27,Female,Sunglasses,Accessories,56,Texas,Brown,Winter
3214,3215,53,Female,Skirt,Clothing,78,Washington,Yellow,Spring
3215,3216,34,Female,Coat,Outerwear,90,Rhode Island,Magenta,Summer
3216,3217,39,Female,Hoodie,Clothing,85,Illinois,Olive,Winter
3217,3218,44,Female,Sunglasses,Accessories,58,Oregon,Silver,Fall
3218,3219,37,Female,Skirt,Clothing,34,Florida,Teal,Fall
3219,3220,57,Female,Coat,Outerwear,40,Kansas,White,Summer
3220,3221,38,Female,Handbag,Accessories,29,North Dakota,Blue,Fall
3221,3222,21,Female,T-shirt,Clothing,76,New Hampshire,Yellow,Winter
3222,3223,45,Female,Sunglasses,Accessories,84,Texas,Maroon,Fall
3223,3224,68,Female,Shirt,Clothing,65,Montana,Gray,Spring
3224,3225,37,Female,Hoodie,Clothing,80,Delaware,Indigo,Winter
3225,3226,53,Female,Blouse,Clothing,98,New Hampshire,Pink,Fall
3226,3227,57,Female,Sneakers,Footwear,71,Minnesota,Beige,Spring
3227,3228,28,Female,Scarf,Accessories,69,Alaska,White,Fall
3228,3229,37,Female,Jewelry,Accessories,95,Connecticut,Yellow,Spring
3229,3230,54,Female,Pants,Clothing,67,Connecticut,Teal,Fall
3230,3231,49,Female,Sneakers,Footwear,49,Kansas,Olive,Summer
3231,3232,62,Female,Shoes,Footwear,97,Nevada,Maroon,Winter
3232,3233,45,Female,T-shirt,Clothing,34,Massachusetts,White,Spring
3233,3234,45,Female,Belt,Accessories,74,Indiana,Lavender,Fall
3234,3235,49,Female,Jewelry,Accessories,96,Washington,Black,Winter
3235,3236,27,Female,Belt,Accessories,68,Kansas,Green,Summer
3236,3237,63,Female,Belt,Accessories,84,South Carolina,Olive,Fall
3237,3238,61,Female,T-shirt,Clothing,57,Vermont,Gray,Summer
3238,3239,25,Female,Sneakers,Footwear,84,Wyoming,Teal,Fall
3239,3240,33,Female,Sunglasses,Accessories,32,Colorado,Charcoal,Fall
3240,3241,56,Female,Sandals,Footwear,37,West Virginia,Violet,Fall
3241,3242,50,Female,Handbag,Accessories,58,Connecticut,Lavender,Summer
3242,3243,45,Female,Socks,Clothing,74,Oregon,Beige,Fall
3243,3244,45,Female,Hoodie,Clothing,99,Idaho,Black,Summer
3244,3245,65,Female,Sweater,Clothing,81,Arkansas,Black,Fall
3245,3246,63,Female,Pants,Clothing,76,Kansas,Purple,Fall
3246,3247,70,Female,Sneakers,Footwear,98,Michigan,Magenta,Summer
3247,3248,53,Female,Gloves,Accessories,91,Arkansas,Teal,Summer
3248,3249,22,Female,T-shirt,Clothing,79,Pennsylvania,Teal,Summer
3249,3250,26,Female,Backpack,Accessories,83,Virginia,Pink,Summer
3250,3251,23,Female,Coat,Outerwear,90,Minnesota,Teal,Spring
3251,3252,25,Female,Coat,Outerwear,20,Nevada,Gold,Winter
3252,3253,69,Female,Sandals,Footwear,21,Montana,Brown,Spring
3253,3254,36,Female,Backpack,Accessories,60,Nebraska,Brown,Fall
3254,3255,21,Female,Sweater,Clothing,31,Indiana,Magenta,Winter
3255,3256,57,Female,Shorts,Clothing,40,New Jersey,Black,Fall
3256,3257,60,Female,Sunglasses,Accessories,26,Wisconsin,Teal,Winter
3257,3258,44,Female,Shirt,Clothing,98,Minnesota,Brown,Fall
3258,3259,31,Female,Shoes,Footwear,51,New Jersey,Magenta,Spring
3259,3260,57,Female,Hat,Accessories,95,Oklahoma,Indigo,Fall
3260,3261,39,Female,Scarf,Accessories,36,Wisconsin,Violet,Summer
3261,3262,48,Female,Belt,Accessories,52,Rhode Island,Cyan,Winter
3262,3263,42,Female,T-shirt,Clothing,35,Indiana,Violet,Spring
3263,3264,56,Female,Shorts,Clothing,68,Vermont,Black,Fall
3264,3265,28,Female,Pants,Clothing,50,Maine,Charcoal,Winter
3265,3266,40,Female,Sunglasses,Accessories,100,Alabama,White,Winter
3266,3267,49,Female,Coat,Outerwear,74,Alabama,Gray,Winter
3267,3268,37,Female,Hoodie,Clothing,45,Idaho,Pink,Winter
3268,3269,22,Female,Dress,Clothing,97,Arkansas,Cyan,Fall
3269,3270,27,Female,Blouse,Clothing,60,Ohio,Blue,Winter
3270,3271,59,Female,Socks,Clothing,25,Illinois,Indigo,Winter
3271,3272,35,Female,Socks,Clothing,55,Nevada,Magenta,Spring
3272,3273,58,Female,Shoes,Footwear,99,Texas,Lavender,Winter
3273,3274,58,Female,Belt,Accessories,45,Nevada,Orange,Summer
3274,3275,46,Female,Sweater,Clothing,20,Oklahoma,Cyan,Spring
3275,3276,43,Female,Pants,Clothing,88,Alabama,Green,Summer
3276,3277,39,Female,Scarf,Accessories,99,South Dakota,White,Summer
3277,3278,59,Female,Skirt,Clothing,86,Texas,Blue,Spring
3278,3279,59,Female,Dress,Clothing,70,Montana,Black,Summer
3279,3280,59,Female,Hat,Accessories,50,Wyoming,Red,Fall
3280,3281,45,Female,Handbag,Accessories,57,New York,Red,Winter
3281,3282,27,Female,Pants,Clothing,69,Oregon,Gold,Winter
3282,3283,24,Female,T-shirt,Clothing,94,California,Red,Fall
3283,3284,47,Female,Jacket,Outerwear,24,North Carolina,Purple,Spring
3284,3285,70,Female,Scarf,Accessories,79,Kentucky,White,Spring
3285,3286,58,Female,Hat,Accessories,31,Hawaii,Magenta,Fall
3286,3287,45,Female,Jacket,Outerwear,67,Illinois,Pink,Winter
3287,3288,24,Female,Skirt,Clothing,63,West Virginia,Black,Spring
3288,3289,67,Female,Handbag,Accessories,61,South Carolina,White,Spring
3289,3290,31,Female,Backpack,Accessories,50,Montana,Maroon,Summer
3290,3291,52,Female,Coat,Outerwear,82,North Dakota,Black,Spring
3291,3292,29,Female,Belt,Accessories,51,New Mexico,Olive,Fall
3292,3293,62,Female,Handbag,Accessories,23,Missouri,Gray,Spring
3293,3294,19,Female,Coat,Outerwear,91,West Virginia,Gold,Spring
3294,3295,62,Female,Sweater,Clothing,60,South Carolina,Magenta,Spring
3295,3296,70,Female,Blouse,Clothing,34,West Virginia,Lavender,Summer
3296,3297,20,Female,Blouse,Clothing,23,Alaska,Green,Spring
3297,3298,67,Female,Belt,Accessories,82,West Virginia,Violet,Fall
3298,3299,65,Female,Jacket,Outerwear,73,New Mexico,Brown,Fall
3299,3300,45,Female,Shorts,Clothing,32,South Dakota,Teal,Spring
3300,3301,26,Female,Hat,Accessories,80,Oklahoma,Charcoal,Spring
3301,3302,36,Female,Pants,Clothing,58,Oklahoma,Charcoal,Summer
3302,3303,36,Female,Blouse,Clothing,82,Alabama,Beige,Winter
3303,3304,20,Female,Belt,Accessories,60,Mississippi,Turquoise,Summer
3304,3305,30,Female,Handbag,Accessories,79,Mississippi,Orange,Fall
3305,3306,34,Female,Hoodie,Clothing,41,Nebraska,Cyan,Summer
3306,3307,63,Female,Jacket,Outerwear,39,Colorado,Orange,Summer
3307,3308,18,Female,Scarf,Accessories,36,Pennsylvania,Green,Winter
3308,3309,55,Female,Jeans,Clothing,70,Utah,Pink,Fall
3309,3310,48,Female,Handbag,Accessories,47,Massachusetts,Blue,Summer
3310,3311,45,Female,Jacket,Outerwear,27,Iowa,Pink,Winter
3311,3312,29,Female,Hat,Accessories,52,Florida,Blue,Summer
3312,3313,55,Female,Sneakers,Footwear,75,Louisiana,Black,Summer
3313,3314,55,Female,Hat,Accessories,30,Kansas,Black,Fall
3314,3315,55,Female,Socks,Clothing,94,Kansas,Violet,Spring
3315,3316,48,Female,Scarf,Accessories,68,Kentucky,Gold,Summer
3316,3317,42,Female,Socks,Clothing,45,New Mexico,Olive,Summer
3317,3318,21,Female,Hat,Accessories,67,North Carolina,Pink,Summer
3318,3319,45,Female,Jacket,Outerwear,46,North Dakota,Olive,Summer
3319,3320,23,Female,Shorts,Clothing,31,North Dakota,Indigo,Summer
3320,3321,66,Female,Blouse,Clothing,44,Illinois,Silver,Fall
3321,3322,32,Female,Coat,Outerwear,100,Maine,Charcoal,Winter
3322,3323,52,Female,Sweater,Clothing,92,Indiana,Orange,Winter
3323,3324,54,Female,Handbag,Accessories,78,North Dakota,Yellow,Winter
3324,3325,37,Female,T-shirt,Clothing,32,Missouri,Red,Fall
3325,3326,29,Female,Sandals,Footwear,97,Alaska,Maroon,Fall
3326,3327,47,Female,Gloves,Accessories,95,North Dakota,Magenta,Summer
3327,3328,47,Female,Shorts,Clothing,64,Connecticut,Black,Spring
3328,3329,42,Female,Sandals,Footwear,35,Wisconsin,Violet,Spring
3329,3330,34,Female,Backpack,Accessories,54,New Jersey,Gray,Winter
3330,3331,38,Female,Sneakers,Footwear,96,Missouri,Black,Spring
3331,3332,55,Female,Sunglasses,Accessories,58,California,Pink,Summer
3332,3333,27,Female,T-shirt,Clothing,23,Washington,Silver,Summer
3333,3334,55,Female,Jeans,Clothing,35,Minnesota,Violet,Spring
3334,3335,66,Female,Shirt,Clothing,23,California,Beige,Summer
3335,3336,44,Female,Hat,Accessories,94,Texas,Cyan,Winter
3336,3337,39,Female,Blouse,Clothing,45,Montana,Brown,Fall
3337,3338,23,Female,Jacket,Outerwear,23,Arizona,Blue,Winter
3338,3339,29,Female,Skirt,Clothing,94,Minnesota,White,Winter
3339,3340,20,Female,Gloves,Accessories,99,Nebraska,Cyan,Fall
3340,3341,42,Female,T-shirt,Clothing,36,Virginia,Maroon,Fall
3341,3342,55,Female,Jacket,Outerwear,50,Connecticut,Olive,Summer
3342,3343,66,Female,Jacket,Outerwear,81,New Jersey,Violet,Spring
3343,3344,24,Female,Shorts,Clothing,31,Kentucky,Green,Winter
3344,3345,62,Female,Hat,Accessories,48,Washington,Magenta,Fall
3345,3346,28,Female,Handbag,Accessories,91,Florida,Turquoise,Summer
3346,3347,30,Female,Jeans,Clothing,99,Oklahoma,Black,Summer
3347,3348,22,Female,Shoes,Footwear,70,Iowa,Cyan,Summer
3348,3349,28,Female,T-shirt,Clothing,74,New Hampshire,Gray,Winter
3349,3350,35,Female,Jewelry,Accessories,79,Georgia,Red,Fall
3350,3351,45,Female,Handbag,Accessories,33,Mississippi,Olive,Fall
3351,3352,43,Female,Shirt,Clothing,49,New Hampshire,Cyan,Spring
3352,3353,55,Female,Belt,Accessories,96,Washington,Teal,Summer
3353,3354,31,Female,Dress,Clothing,66,Ohio,Teal,Fall
3354,3355,42,Female,Skirt,Clothing,45,Maryland,Orange,Fall
3355,3356,40,Female,Blouse,Clothing,28,Delaware,Peach,Spring
3356,3357,39,Female,Jeans,Clothing,48,Tennessee,Silver,Summer
3357,3358,41,Female,Hoodie,Clothing,67,Arkansas,Pink,Winter
3358,3359,56,Female,T-shirt,Clothing,59,Tennessee,Magenta,Fall
3359,3360,43,Female,Sunglasses,Accessories,74,New Hampshire,Red,Fall
3360,3361,22,Female,Jacket,Outerwear,81,Minnesota,Maroon,Spring
3361,3362,47,Female,Shoes,Footwear,26,Florida,Silver,Spring
3362,3363,50,Female,Handbag,Accessories,61,Tennessee,Gray,Summer
3363,3364,58,Female,Sweater,Clothing,23,California,Turquoise,Winter
3364,3365,50,Female,Scarf,Accessories,33,Oregon,Peach,Fall
3365,3366,43,Female,Skirt,Clothing,58,Tennessee,Teal,Fall
3366,3367,38,Female,Gloves,Accessories,65,North Carolina,Red,Spring
3367,3368,44,Female,T-shirt,Clothing,48,Tennessee,Blue,Summer
3368,3369,30,Female,Sandals,Footwear,25,Nebraska,Blue,Spring
3369,3370,47,Female,Sweater,Clothing,51,Maine,Indigo,Winter
3370,3371,30,Female,Belt,Accessories,31,Illinois,Charcoal,Summer
3371,3372,49,Female,Hoodie,Clothing,99,Colorado,Turquoise,Winter
3372,3373,56,Female,Socks,Clothing,25,Pennsylvania,Maroon,Winter
3373,3374,70,Female,Sandals,Footwear,52,Minnesota,Purple,Spring
3374,3375,22,Female,Blouse,Clothing,47,Nevada,Lavender,Spring
3375,3376,51,Female,Boots,Footwear,98,Connecticut,Yellow,Fall
3376,3377,22,Female,Hat,Accessories,46,Ohio,Green,Winter
3377,3378,37,Female,Shirt,Clothing,32,Kentucky,Yellow,Winter
3378,3379,49,Female,Shorts,Clothing,75,Minnesota,Gold,Fall
3379,3380,61,Female,Handbag,Accessories,51,Tennessee,Turquoise,Summer
3380,3381,41,Female,Dress,Clothing,52,North Dakota,Blue,Summer
3381,3382,57,Female,Hat,Accessories,66,Minnesota,Turquoise,Winter
3382,3383,34,Female,Sweater,Clothing,35,Nebraska,Maroon,Spring
3383,3384,27,Female,Coat,Outerwear,43,Delaware,Pink,Fall
3384,3385,39,Female,Hoodie,Clothing,24,Minnesota,Maroon,Summer
3385,3386,62,Female,Jewelry,Accessories,83,Rhode Island,Olive,Winter
3386,3387,34,Female,T-shirt,Clothing,62,Michigan,Lavender,Fall
3387,3388,53,Female,Pants,Clothing,78,New Jersey,Pink,Spring
3388,3389,35,Female,Sweater,Clothing,61,South Dakota,Cyan,Spring
3389,3390,38,Female,Pants,Clothing,57,North Carolina,Maroon,Fall
3390,3391,32,Female,Socks,Clothing,70,Oregon,Red,Summer
3391,3392,47,Female,Hoodie,Clothing,57,Montana,Silver,Fall
3392,3393,53,Female,Scarf,Accessories,74,New Jersey,Blue,Winter
3393,3394,60,Female,Dress,Clothing,90,Arizona,Gold,Fall
3394,3395,31,Female,Sandals,Footwear,98,Vermont,Yellow,Spring
3395,3396,44,Female,Dress,Clothing,43,Colorado,Silver,Winter
3396,3397,29,Female,Pants,Clothing,37,Tennessee,Black,Winter
3397,3398,19,Female,Blouse,Clothing,38,New Jersey,Yellow,Summer
3398,3399,54,Female,Jeans,Clothing,60,Montana,Pink,Winter
3399,3400,40,Female,Pants,Clothing,55,Montana,Yellow,Winter
3400,3401,39,Female,Sunglasses,Accessories,51,Nevada,Lavender,Fall
3401,3402,44,Female,Backpack,Accessories,71,Nevada,Peach,Winter
3402,3403,22,Female,Hoodie,Clothing,61,Louisiana,Black,Spring
3403,3404,30,Female,Boots,Footwear,65,Illinois,Olive,Summer
3404,3405,69,Female,Gloves,Accessories,34,South Carolina,Olive,Fall
3405,3406,28,Female,Blouse,Clothing,87,Washington,White,Summer
3406,3407,57,Female,Sweater,Clothing,79,Nebraska,Red,Spring
3407,3408,46,Female,Dress,Clothing,46,Alabama,Purple,Spring
3408,3409,48,Female,Socks,Clothing,72,Montana,Purple,Summer
3409,3410,24,Female,Shirt,Clothing,93,Minnesota,Teal,Summer
3410,3411,50,Female,Sandals,Footwear,76,Ohio,Teal,Summer
3411,3412,29,Female,Shoes,Footwear,56,New York,Gray,Winter
3412,3413,61,Female,Sandals,Footwear,83,Indiana,Magenta,Fall
3413,3414,34,Female,Gloves,Accessories,90,Delaware,Black,Winter
3414,3415,27,Female,Boots,Footwear,94,Connecticut,Maroon,Spring
3415,3416,38,Female,Blouse,Clothing,68,New York,Gold,Fall
3416,3417,25,Female,Sandals,Footwear,53,Alabama,Purple,Spring
3417,3418,54,Female,Coat,Outerwear,35,Massachusetts,Blue,Summer
3418,3419,53,Female,Jacket,Outerwear,30,South Carolina,Beige,Summer
3419,3420,23,Female,Jewelry,Accessories,26,West Virginia,Indigo,Winter
3420,3421,19,Female,Hat,Accessories,60,Kentucky,Purple,Winter
3421,3422,57,Female,Shoes,Footwear,30,New Jersey,Maroon,Summer
3422,3423,19,Female,Coat,Outerwear,91,New York,Beige,Winter
3423,3424,33,Female,Boots,Footwear,71,Massachusetts,Brown,Spring
3424,3425,33,Female,Scarf,Accessories,64,Florida,Green,Summer
3425,3426,38,Female,Hat,Accessories,54,Michigan,Blue,Summer
3426,3427,47,Female,Socks,Clothing,35,Oregon,Magenta,Fall
3427,3428,39,Female,T-shirt,Clothing,38,Michigan,Turquoise,Winter
3428,3429,32,Female,Jewelry,Accessories,69,Washington,Gray,Fall
3429,3430,27,Female,Skirt,Clothing,96,Alaska,Purple,Winter
3430,3431,67,Female,Socks,Clothing,73,Montana,Lavender,Winter
3431,3432,46,Female,Belt,Accessories,49,New Mexico,Green,Summer
3432,3433,36,Female,Boots,Footwear,44,Connecticut,Gray,Summer
3433,3434,62,Female,Socks,Clothing,93,Alaska,Yellow,Spring
3434,3435,31,Female,Pants,Clothing,72,Ohio,Orange,Summer
3435,3436,68,Female,Socks,Clothing,91,Montana,Beige,Summer
3436,3437,57,Female,Belt,Accessories,83,Nebraska,Peach,Winter
3437,3438,22,Female,Jacket,Outerwear,62,Oklahoma,Green,Winter
3438,3439,26,Female,Shirt,Clothing,71,Kentucky,Violet,Fall
3439,3440,43,Female,Gloves,Accessories,93,Idaho,Gray,Summer
3440,3441,45,Female,Handbag,Accessories,63,Maryland,Magenta,Fall
3441,3442,64,Female,Sweater,Clothing,96,Tennessee,Charcoal,Fall
3442,3443,28,Female,Skirt,Clothing,78,Michigan,Violet,Spring
3443,3444,47,Female,Dress,Clothing,24,Tennessee,Silver,Summer
3444,3445,53,Female,Pants,Clothing,63,Rhode Island,Green,Summer
3445,3446,42,Female,Hat,Accessories,58,Florida,Magenta,Fall
3446,3447,51,Female,Boots,Footwear,55,Louisiana,Purple,Spring
3447,3448,62,Female,Sandals,Footwear,58,Arkansas,Blue,Fall
3448,3449,18,Female,Coat,Outerwear,28,Kentucky,Yellow,Winter
3449,3450,48,Female,Blouse,Clothing,37,Kansas,Brown,Spring
3450,3451,20,Female,Shorts,Clothing,78,Vermont,Pink,Spring
3451,3452,32,Female,Blouse,Clothing,73,Nevada,Silver,Fall
3452,3453,26,Female,Jacket,Outerwear,20,Oklahoma,Indigo,Spring
3453,3454,31,Female,Shirt,Clothing,60,Alabama,Pink,Winter
3454,3455,55,Female,Handbag,Accessories,71,Louisiana,Lavender,Fall
3455,3456,49,Female,T-shirt,Clothing,89,Ohio,Orange,Fall
3456,3457,42,Female,Hoodie,Clothing,53,Texas,Red,Fall
3457,3458,64,Female,Jewelry,Accessories,87,Maryland,Gray,Summer
3458,3459,68,Female,Jewelry,Accessories,37,West Virginia,Violet,Spring
3459,3460,68,Female,Hoodie,Clothing,37,Ohio,Green,Fall
3460,3461,41,Female,Scarf,Accessories,78,Indiana,Gold,Spring
3461,3462,51,Female,Shoes,Footwear,23,Wyoming,Maroon,Spring
3462,3463,44,Female,Jeans,Clothing,73,Michigan,Olive,Spring
3463,3464,27,Female,Jewelry,Accessories,27,Maine,Yellow,Fall
3464,3465,36,Female,Coat,Outerwear,59,Utah,Peach,Winter
3465,3466,19,Female,Backpack,Accessories,53,Iowa,Gold,Spring
3466,3467,49,Female,Socks,Clothing,42,Maryland,Purple,Summer
3467,3468,18,Female,Scarf,Accessories,45,Texas,Charcoal,Fall
3468,3469,36,Female,Sunglasses,Accessories,89,Ohio,Indigo,Winter
3469,3470,36,Female,Socks,Clothing,85,North Dakota,Magenta,Fall
3470,3471,19,Female,Coat,Outerwear,69,West Virginia,Olive,Summer
3471,3472,43,Female,Sandals,Footwear,66,North Carolina,Blue,Spring
3472,3473,31,Female,Blouse,Clothing,42,Georgia,White,Summer
3473,3474,63,Female,Dress,Clothing,40,Kansas,Cyan,Spring
3474,3475,41,Female,Pants,Clothing,82,Maine,Cyan,Winter
3475,3476,48,Female,Sneakers,Footwear,88,South Carolina,Orange,Spring
3476,3477,68,Female,Boots,Footwear,99,South Carolina,Orange,Summer
3477,3478,53,Female,Handbag,Accessories,85,Kentucky,Teal,Spring
3478,3479,36,Female,Handbag,Accessories,57,Arizona,Magenta,Fall
3479,3480,46,Female,Sweater,Clothing,56,New York,Orange,Summer
3480,3481,21,Female,Sandals,Footwear,79,New Hampshire,Peach,Winter
3481,3482,52,Female,Socks,Clothing,67,Ohio,Maroon,Summer
3482,3483,66,Female,Gloves,Accessories,61,Hawaii,Gold,Winter
3483,3484,19,Female,Hoodie,Clothing,37,Texas,White,Winter
3484,3485,44,Female,Dress,Clothing,75,Illinois,Gray,Fall
3485,3486,50,Female,Shirt,Clothing,21,Massachusetts,Brown,Winter
3486,3487,51,Female,Shorts,Clothing,89,North Carolina,Charcoal,Winter
3487,3488,25,Female,Sandals,Footwear,24,West Virginia,Beige,Fall
3488,3489,62,Female,Sweater,Clothing,27,Delaware,Teal,Spring
3489,3490,48,Female,Dress,Clothing,26,Idaho,Black,Summer
3490,3491,62,Female,Boots,Footwear,82,Oregon,Violet,Spring
3491,3492,22,Female,Pants,Clothing,28,Maine,Orange,Winter
3492,3493,48,Female,Gloves,Accessories,65,South Dakota,Turquoise,Fall
3493,3494,48,Female,Pants,Clothing,82,New Mexico,Black,Winter
3494,3495,62,Female,Scarf,Accessories,38,Washington,Silver,Winter
3495,3496,24,Female,Shorts,Clothing,33,Georgia,Gray,Spring
3496,3497,39,Female,Shoes,Footwear,38,Idaho,Pink,Summer
3497,3498,35,Female,Handbag,Accessories,48,Colorado,Red,Spring
3498,3499,47,Female,Sandals,Footwear,35,Kentucky,Lavender,Summer
3499,3500,22,Female,Socks,Clothing,29,New Jersey,Indigo,Fall
3500,3501,38,Female,Shirt,Clothing,48,Oregon,Silver,Fall
3501,3502,53,Female,Shoes,Footwear,87,Nebraska,Silver,Fall
3502,3503,31,Female,Backpack,Accessories,62,Massachusetts,Green,Fall
3503,3504,31,Female,Shirt,Clothing,96,Nebraska,Pink,Spring
3504,3505,65,Female,Handbag,Accessories,41,Hawaii,Violet,Fall
3505,3506,48,Female,Jewelry,Accessories,42,Indiana,Red,Winter
3506,3507,18,Female,Shirt,Clothing,57,Illinois,Olive,Winter
3507,3508,46,Female,Handbag,Accessories,65,Colorado,Purple,Spring
3508,3509,52,Female,Pants,Clothing,54,Pennsylvania,Gray,Fall
3509,3510,50,Female,T-shirt,Clothing,22,Ohio,Brown,Winter
3510,3511,49,Female,Sneakers,Footwear,96,Pennsylvania,Orange,Fall
3511,3512,69,Female,Jewelry,Accessories,81,Mississippi,Blue,Summer
3512,3513,36,Female,Shirt,Clothing,46,Kentucky,White,Fall
3513,3514,30,Female,Blouse,Clothing,74,Alaska,Charcoal,Spring
3514,3515,25,Female,Sneakers,Footwear,50,Georgia,Gray,Winter
3515,3516,19,Female,Dress,Clothing,80,South Dakota,Charcoal,Winter
3516,3517,34,Female,Boots,Footwear,56,South Carolina,White,Summer
3517,3518,29,Female,Skirt,Clothing,69,Tennessee,Orange,Winter
3518,3519,50,Female,Shirt,Clothing,97,Colorado,Black,Spring
3519,3520,31,Female,Shorts,Clothing,66,Wisconsin,White,Winter
3520,3521,41,Female,Hat,Accessories,70,Georgia,Brown,Spring
3521,3522,52,Female,Shoes,Footwear,50,Maryland,Pink,Winter
3522,3523,27,Female,Pants,Clothing,85,New Jersey,Yellow,Spring
3523,3524,49,Female,Backpack,Accessories,59,Nevada,Cyan,Summer
3524,3525,69,Female,Pants,Clothing,74,Michigan,Silver,Summer
3525,3526,45,Female,Sunglasses,Accessories,38,Wyoming,Olive,Winter
3526,3527,20,Female,Sweater,Clothing,99,Massachusetts,Olive,Spring
3527,3528,25,Female,Blouse,Clothing,97,Washington,Charcoal,Spring
3528,3529,38,Female,Scarf,Accessories,67,Maine,Gray,Summer
3529,3530,55,Female,T-shirt,Clothing,20,Montana,Maroon,Winter
3530,3531,62,Female,Sunglasses,Accessories,45,Oklahoma,Black,Spring
3531,3532,54,Female,Shoes,Footwear,52,North Dakota,Violet,Winter
3532,3533,61,Female,Pants,Clothing,68,Connecticut,Indigo,Fall
3533,3534,50,Female,Sneakers,Footwear,98,Texas,Yellow,Fall
3534,3535,65,Female,Shoes,Footwear,83,Delaware,Gray,Fall
3535,3536,68,Female,Shorts,Clothing,51,Mississippi,Red,Summer
3536,3537,55,Female,Handbag,Accessories,21,Minnesota,Peach,Spring
3537,3538,57,Female,Handbag,Accessories,92,Georgia,Gray,Spring
3538,3539,56,Female,Shoes,Footwear,63,Iowa,White,Spring
3539,3540,29,Female,Jewelry,Accessories,56,New York,Green,Spring
3540,3541,24,Female,Shorts,Clothing,95,Nevada,Magenta,Spring
3541,3542,59,Female,Blouse,Clothing,66,Virginia,Olive,Winter
3542,3543,62,Female,Coat,Outerwear,28,Idaho,Olive,Spring
3543,3544,58,Female,Hat,Accessories,83,Colorado,Blue,Winter
3544,3545,64,Female,Socks,Clothing,55,Wisconsin,Charcoal,Fall
3545,3546,48,Female,Sandals,Footwear,28,Connecticut,Yellow,Spring
3546,3547,60,Female,Scarf,Accessories,79,Kansas,Violet,Summer
3547,3548,52,Female,Scarf,Accessories,31,Pennsylvania,Magenta,Summer
3548,3549,63,Female,Blouse,Clothing,37,Utah,Red,Fall
3549,3550,44,Female,T-shirt,Clothing,34,Oregon,Cyan,Summer
3550,3551,63,Female,Shoes,Footwear,74,West Virginia,Orange,Winter
3551,3552,66,Female,Gloves,Accessories,31,Montana,Black,Spring
3552,3553,22,Female,Sunglasses,Accessories,66,Kentucky,Blue,Winter
3553,3554,62,Female,Shoes,Footwear,99,Minnesota,Charcoal,Spring
3554,3555,39,Female,Dress,Clothing,55,Louisiana,Indigo,Spring
3555,3556,25,Female,Blouse,Clothing,23,Delaware,Silver,Spring
3556,3557,70,Female,Sweater,Clothing,88,Arizona,Brown,Fall
3557,3558,52,Female,Jacket,Outerwear,26,Nevada,Peach,Summer
3558,3559,68,Female,Backpack,Accessories,94,Alaska,Magenta,Summer
3559,3560,18,Female,Shorts,Clothing,25,Utah,Beige,Fall
3560,3561,18,Female,Socks,Clothing,96,Kansas,Violet,Fall
3561,3562,63,Female,Sneakers,Footwear,29,North Carolina,Black,Spring
3562,3563,47,Female,Sneakers,Footwear,36,Maryland,Cyan,Winter
3563,3564,43,Female,Blouse,Clothing,90,Maine,Green,Summer
3564,3565,60,Female,Gloves,Accessories,38,Illinois,Brown,Summer
3565,3566,49,Female,Handbag,Accessories,52,Pennsylvania,Gray,Spring
3566,3567,28,Female,Jeans,Clothing,88,Alaska,Orange,Spring
3567,3568,32,Female,Scarf,Accessories,56,New Mexico,Silver,Summer
3568,3569,29,Female,Sandals,Footwear,71,Arkansas,Purple,Spring
3569,3570,35,Female,Sandals,Footwear,94,Alaska,Olive,Fall
3570,3571,23,Female,Dress,Clothing,97,Louisiana,Teal,Winter
3571,3572,70,Female,Skirt,Clothing,27,North Dakota,White,Summer
3572,3573,23,Female,Shorts,Clothing,28,Rhode Island,Black,Spring
3573,3574,43,Female,Jeans,Clothing,67,Connecticut,Maroon,Fall
3574,3575,29,Female,Socks,Clothing,70,New York,Cyan,Fall
3575,3576,61,Female,Coat,Outerwear,95,Kentucky,Violet,Fall
3576,3577,29,Female,Boots,Footwear,24,Maine,Yellow,Spring
3577,3578,66,Female,Belt,Accessories,35,Missouri,Yellow,Winter
3578,3579,46,Female,Shoes,Footwear,22,Georgia,Olive,Winter
3579,3580,34,Female,Scarf,Accessories,66,Arizona,Olive,Fall
3580,3581,51,Female,Blouse,Clothing,83,New Hampshire,Magenta,Summer
3581,3582,26,Female,Dress,Clothing,95,Georgia,Orange,Fall
3582,3583,23,Female,Shorts,Clothing,41,California,Beige,Summer
3583,3584,52,Female,Blouse,Clothing,77,Arizona,Brown,Summer
3584,3585,39,Female,Sneakers,Footwear,52,Florida,Indigo,Fall
3585,3586,39,Female,Gloves,Accessories,41,New York,Gray,Winter
3586,3587,33,Female,Hoodie,Clothing,28,Idaho,Yellow,Winter
3587,3588,33,Female,Sweater,Clothing,90,Virginia,Violet,Summer
3588,3589,23,Female,Sunglasses,Accessories,55,Michigan,Magenta,Spring
3589,3590,31,Female,Belt,Accessories,73,New Hampshire,Blue,Spring
3590,3591,27,Female,Dress,Clothing,87,South Dakota,Gray,Fall
3591,3592,48,Female,Jacket,Outerwear,89,South Dakota,Gold,Winter
3592,3593,61,Female,Boots,Footwear,82,New Jersey,Lavender,Spring
3593,3594,63,Female,Sandals,Footwear,80,Wyoming,Black,Spring
3594,3595,19,Female,Scarf,Accessories,87,Alabama,Charcoal,Summer
3595,3596,21,Female,Blouse,Clothing,41,South Dakota,Violet,Spring
3596,3597,28,Female,Hoodie,Clothing,83,South Carolina,Charcoal,Spring
3597,3598,29,Female,Sunglasses,Accessories,71,New Mexico,Maroon,Summer
3598,3599,23,Female,Hoodie,Clothing,76,Connecticut,Purple,Spring
3599,3600,37,Female,Scarf,Accessories,34,Kansas,Peach,Spring
3600,3601,67,Female,Dress,Clothing,81,South Carolina,Olive,Spring
3601,3602,34,Female,T-shirt,Clothing,47,North Carolina,Indigo,Summer
3602,3603,58,Female,Skirt,Clothing,36,Wyoming,Magenta,Summer
3603,3604,45,Female,Jeans,Clothing,51,Louisiana,Gold,Spring
3604,3605,63,Female,Hoodie,Clothing,86,Louisiana,Orange,Fall
3605,3606,68,Female,Jeans,Clothing,41,Alabama,Gold,Fall
3606,3607,41,Female,Sandals,Footwear,90,Minnesota,Purple,Fall
3607,3608,50,Female,Hat,Accessories,93,New Mexico,Charcoal,Fall
3608,3609,24,Female,Gloves,Accessories,56,Tennessee,Cyan,Fall
3609,3610,21,Female,Socks,Clothing,39,New Mexico,Cyan,Summer
3610,3611,18,Female,Jacket,Outerwear,86,Texas,Green,Fall
3611,3612,63,Female,T-shirt,Clothing,82,Washington,Silver,Spring
3612,3613,47,Female,Sandals,Footwear,29,Michigan,Teal,Summer
3613,3614,58,Female,Hat,Accessories,27,Minnesota,Magenta,Fall
3614,3615,46,Female,Gloves,Accessories,25,Delaware,Maroon,Spring
3615,3616,35,Female,Dress,Clothing,31,California,Gold,Winter
3616,3617,42,Female,Hoodie,Clothing,23,Wisconsin,Purple,Winter
3617,3618,48,Female,Belt,Accessories,47,Kentucky,Lavender,Fall
3618,3619,28,Female,Gloves,Accessories,67,Nevada,Maroon,Fall
3619,3620,44,Female,Scarf,Accessories,75,North Carolina,Magenta,Winter
3620,3621,60,Female,Sandals,Footwear,82,Louisiana,Turquoise,Summer
3621,3622,38,Female,Sneakers,Footwear,32,New Jersey,Silver,Summer
3622,3623,46,Female,Dress,Clothing,41,Wisconsin,Purple,Fall
3623,3624,39,Female,Jewelry,Accessories,89,Arkansas,Violet,Winter
3624,3625,22,Female,Hat,Accessories,82,Texas,Peach,Fall
3625,3626,44,Female,Scarf,Accessories,99,Illinois,Green,Winter
3626,3627,69,Female,Blouse,Clothing,98,Mississippi,Teal,Fall
3627,3628,39,Female,Belt,Accessories,54,Delaware,Silver,Winter
3628,3629,53,Female,Blouse,Clothing,88,Georgia,Purple,Summer
3629,3630,52,Female,T-shirt,Clothing,43,Kansas,Lavender,Summer
3630,3631,65,Female,Hat,Accessories,73,Oklahoma,Lavender,Winter
3631,3632,48,Female,Hat,Accessories,50,New Jersey,Peach,Fall
3632,3633,27,Female,Sneakers,Footwear,73,Utah,Green,Spring
3633,3634,39,Female,Gloves,Accessories,51,Montana,Orange,Spring
3634,3635,59,Female,Socks,Clothing,22,Ohio,Pink,Winter
3635,3636,52,Female,Sandals,Footwear,32,Colorado,Cyan,Fall
3636,3637,50,Female,Sandals,Footwear,38,California,Lavender,Summer
3637,3638,32,Female,Boots,Footwear,66,Utah,Yellow,Winter
3638,3639,40,Female,Backpack,Accessories,20,Kansas,Olive,Spring
3639,3640,26,Female,Coat,Outerwear,44,Illinois,Brown,Summer
3640,3641,47,Female,Sunglasses,Accessories,31,Minnesota,Pink,Spring
3641,3642,51,Female,Jacket,Outerwear,45,New York,Cyan,Fall
3642,3643,47,Female,Dress,Clothing,71,Arizona,Maroon,Summer
3643,3644,53,Female,Scarf,Accessories,96,Tennessee,Magenta,Fall
3644,3645,35,Female,Blouse,Clothing,32,Arkansas,Violet,Winter
3645,3646,38,Female,Backpack,Accessories,90,Colorado,Silver,Summer
3646,3647,69,Female,Jewelry,Accessories,68,Nevada,Maroon,Spring
3647,3648,47,Female,Shorts,Clothing,45,Kansas,Gray,Winter
3648,3649,31,Female,Skirt,Clothing,67,New York,White,Winter
3649,3650,68,Female,Skirt,Clothing,57,Minnesota,Brown,Fall
3650,3651,51,Female,Jeans,Clothing,60,Ohio,Silver,Summer
3651,3652,20,Female,Handbag,Accessories,32,Arizona,Yellow,Spring
3652,3653,27,Female,Handbag,Accessories,29,Kentucky,Magenta,Fall
3653,3654,67,Female,Coat,Outerwear,20,Minnesota,Blue,Spring
3654,3655,21,Female,Jewelry,Accessories,98,Arkansas,Green,Winter
3655,3656,20,Female,Sweater,Clothing,27,Wyoming,Yellow,Fall
3656,3657,35,Female,Jacket,Outerwear,67,North Dakota,Cyan,Spring
3657,3658,58,Female,Shoes,Footwear,82,Alabama,Gold,Winter
3658,3659,28,Female,T-shirt,Clothing,72,Mississippi,Magenta,Fall
3659,3660,27,Female,Sandals,Footwear,77,Illinois,Gray,Fall
3660,3661,19,Female,Shoes,Footwear,74,Arkansas,Indigo,Winter
3661,3662,63,Female,Sandals,Footwear,39,Kansas,White,Winter
3662,3663,69,Female,Shorts,Clothing,80,Rhode Island,Indigo,Spring
3663,3664,65,Female,Backpack,Accessories,59,Florida,Green,Summer
3664,3665,63,Female,Jacket,Outerwear,68,Missouri,Turquoise,Fall
3665,3666,28,Female,Socks,Clothing,77,North Carolina,Peach,Fall
3666,3667,67,Female,Jewelry,Accessories,50,Alabama,Olive,Winter
3667,3668,51,Female,Pants,Clothing,45,Washington,Cyan,Fall
3668,3669,59,Female,Blouse,Clothing,71,Michigan,Magenta,Summer
3669,3670,25,Female,Socks,Clothing,52,Washington,Silver,Fall
3670,3671,31,Female,Shoes,Footwear,50,Vermont,White,Winter
3671,3672,62,Female,Handbag,Accessories,66,Illinois,Pink,Summer
3672,3673,51,Female,Sandals,Footwear,81,New York,Pink,Fall
3673,3674,32,Female,Socks,Clothing,28,Rhode Island,Pink,Summer
3674,3675,35,Female,Handbag,Accessories,65,Washington,Blue,Winter
3675,3676,70,Female,Hat,Accessories,80,Virginia,White,Winter
3676,3677,19,Female,Jewelry,Accessories,94,Wisconsin,Teal,Spring
3677,3678,32,Female,Backpack,Accessories,30,Michigan,Gray,Fall
3678,3679,56,Female,Shirt,Clothing,45,Texas,Beige,Fall
3679,3680,53,Female,Coat,Outerwear,91,Idaho,Violet,Summer
3680,3681,22,Female,Sunglasses,Accessories,36,Iowa,Blue,Winter
3681,3682,26,Female,Gloves,Accessories,73,Connecticut,Magenta,Fall
3682,3683,42,Female,Shirt,Clothing,60,Wyoming,Maroon,Fall
3683,3684,30,Female,Socks,Clothing,77,Mississippi,Purple,Winter
3684,3685,29,Female,Skirt,Clothing,86,Pennsylvania,Charcoal,Spring
3685,3686,47,Female,Shorts,Clothing,42,Tennessee,Red,Summer
3686,3687,59,Female,Sandals,Footwear,70,Louisiana,Charcoal,Spring
3687,3688,34,Female,Shirt,Clothing,44,Arkansas,Lavender,Summer
3688,3689,52,Female,Sunglasses,Accessories,91,West Virginia,White,Spring
3689,3690,47,Female,Jewelry,Accessories,30,South Carolina,Red,Fall
3690,3691,24,Female,Blouse,Clothing,23,Kansas,Violet,Fall
3691,3692,63,Female,Sandals,Footwear,21,Michigan,Orange,Summer
3692,3693,59,Female,Coat,Outerwear,34,Alabama,Turquoise,Spring
3693,3694,66,Female,Blouse,Clothing,46,South Dakota,Violet,Summer
3694,3695,45,Female,Sweater,Clothing,41,Rhode Island,Blue,Winter
3695,3696,38,Female,Skirt,Clothing,33,Florida,White,Fall
3696,3697,63,Female,Blouse,Clothing,48,Connecticut,Turquoise,Fall
3697,3698,55,Female,Hoodie,Clothing,66,Pennsylvania,Pink,Winter
3698,3699,25,Female,Skirt,Clothing,54,California,Maroon,Spring
3699,3700,51,Female,Backpack,Accessories,55,Oklahoma,Olive,Fall
3700,3701,28,Female,Handbag,Accessories,84,North Dakota,Charcoal,Summer
3701,3702,46,Female,Sandals,Footwear,66,New Mexico,Charcoal,Spring
3702,3703,58,Female,Shoes,Footwear,65,South Carolina,Indigo,Spring
3703,3704,30,Female,Sandals,Footwear,83,Michigan,Teal,Fall
3704,3705,68,Female,Sunglasses,Accessories,61,Missouri,Black,Winter
3705,3706,28,Female,Skirt,Clothing,65,Colorado,Teal,Summer
3706,3707,26,Female,Sandals,Footwear,55,Kansas,Green,Spring
3707,3708,35,Female,Gloves,Accessories,79,Illinois,Gold,Fall
3708,3709,40,Female,Hoodie,Clothing,96,South Carolina,Red,Fall
3709,3710,31,Female,Socks,Clothing,43,Utah,Silver,Fall
3710,3711,60,Female,Jewelry,Accessories,40,Hawaii,Yellow,Summer
3711,3712,69,Female,Hat,Accessories,62,Texas,Peach,Fall
3712,3713,51,Female,Blouse,Clothing,72,Oregon,Turquoise,Spring
3713,3714,49,Female,Shoes,Footwear,87,Arizona,Peach,Spring
3714,3715,18,Female,Hat,Accessories,31,New York,Peach,Winter
3715,3716,63,Female,Sunglasses,Accessories,34,Nebraska,Orange,Fall
3716,3717,57,Female,Shirt,Clothing,53,Vermont,Charcoal,Fall
3717,3718,45,Female,T-shirt,Clothing,85,Maryland,White,Summer
3718,3719,36,Female,Pants,Clothing,50,Tennessee,Turquoise,Fall
3719,3720,20,Female,Pants,Clothing,91,Pennsylvania,Red,Summer
3720,3721,21,Female,Hat,Accessories,56,South Carolina,Peach,Fall
3721,3722,62,Female,Coat,Outerwear,60,Connecticut,Pink,Fall
3722,3723,23,Female,Jacket,Outerwear,34,Kentucky,Yellow,Fall
3723,3724,26,Female,Sandals,Footwear,30,Rhode Island,Beige,Spring
3724,3725,30,Female,Gloves,Accessories,71,Colorado,Green,Winter
3725,3726,18,Female,Dress,Clothing,100,Oklahoma,Turquoise,Winter
3726,3727,47,Female,Belt,Accessories,85,Idaho,Orange,Fall
3727,3728,41,Female,Socks,Clothing,83,Maine,Gold,Summer
3728,3729,62,Female,Jacket,Outerwear,31,Vermont,Red,Winter
3729,3730,28,Female,Boots,Footwear,82,Rhode Island,Teal,Spring
3730,3731,46,Female,Shirt,Clothing,79,Florida,Teal,Summer
3731,3732,54,Female,Hat,Accessories,62,West Virginia,Lavender,Spring
3732,3733,36,Female,Shoes,Footwear,92,Indiana,Pink,Spring
3733,3734,25,Female,Socks,Clothing,58,Illinois,Maroon,Fall
3734,3735,38,Female,Hoodie,Clothing,88,California,Beige,Spring
3735,3736,38,Female,Sandals,Footwear,44,Massachusetts,Orange,Spring
3736,3737,42,Female,Jeans,Clothing,56,Idaho,Red,Spring
3737,3738,19,Female,Jewelry,Accessories,23,Kentucky,Maroon,Winter
3738,3739,34,Female,Shorts,Clothing,45,Delaware,Brown,Spring
3739,3740,38,Female,Sunglasses,Accessories,31,Idaho,Olive,Fall
3740,3741,42,Female,Pants,Clothing,96,Virginia,Silver,Summer
3741,3742,58,Female,Shirt,Clothing,96,Arizona,Purple,Spring
3742,3743,56,Female,Shirt,Clothing,80,Maryland,Gray,Fall
3743,3744,62,Female,Pants,Clothing,28,Idaho,Cyan,Fall
3744,3745,24,Female,Hoodie,Clothing,51,New Jersey,Gray,Summer
3745,3746,60,Female,Socks,Clothing,41,Washington,Gold,Spring
3746,3747,53,Female,Coat,Outerwear,99,Idaho,Cyan,Summer
3747,3748,26,Female,Sweater,Clothing,53,Rhode Island,Olive,Spring
3748,3749,34,Female,Backpack,Accessories,25,Delaware,Violet,Fall
3749,3750,24,Female,Blouse,Clothing,95,Alaska,Yellow,Winter
3750,3751,42,Female,Hoodie,Clothing,88,Arizona,Gold,Fall
3751,3752,36,Female,Jewelry,Accessories,97,Alabama,Silver,Fall
3752,3753,24,Female,Coat,Outerwear,81,Washington,Pink,Winter
3753,3754,39,Female,Sunglasses,Accessories,26,Louisiana,Turquoise,Winter
3754,3755,46,Female,Shoes,Footwear,41,Nebraska,Turquoise,Summer
3755,3756,64,Female,Skirt,Clothing,93,Pennsylvania,Peach,Fall
3756,3757,64,Female,Skirt,Clothing,69,South Carolina,Teal,Spring
3757,3758,61,Female,Skirt,Clothing,44,California,Red,Fall
3758,3759,61,Female,Sandals,Footwear,54,Indiana,Black,Spring
3759,3760,44,Female,Sneakers,Footwear,61,Missouri,Pink,Spring
3760,3761,65,Female,Socks,Clothing,80,Connecticut,Peach,Fall
3761,3762,60,Female,Backpack,Accessories,30,Nevada,Green,Summer
3762,3763,65,Female,Shorts,Clothing,94,New York,Green,Fall
3763,3764,27,Female,Shirt,Clothing,24,Oklahoma,Red,Winter
3764,3765,36,Female,Socks,Clothing,21,South Dakota,Maroon,Fall
3765,3766,22,Female,Jewelry,Accessories,52,Missouri,Green,Summer
3766,3767,62,Female,Handbag,Accessories,59,Texas,Black,Fall
3767,3768,59,Female,Shorts,Clothing,51,New York,Black,Summer
3768,3769,50,Female,Sweater,Clothing,35,Vermont,Yellow,Winter
3769,3770,51,Female,Gloves,Accessories,87,Arizona,Green,Summer
3770,3771,23,Female,Pants,Clothing,42,Montana,Black,Summer
3771,3772,21,Female,T-shirt,Clothing,86,Oklahoma,Red,Winter
3772,3773,44,Female,Pants,Clothing,26,New Hampshire,Yellow,Fall
3773,3774,25,Female,Sweater,Clothing,60,Wisconsin,Violet,Summer
3774,3775,57,Female,Gloves,Accessories,83,Alaska,Cyan,Winter
3775,3776,41,Female,Belt,Accessories,63,South Dakota,Pink,Spring
3776,3777,19,Female,Sneakers,Footwear,25,Alaska,Olive,Spring
3777,3778,43,Female,Shorts,Clothing,65,Utah,Maroon,Fall
3778,3779,25,Female,Sneakers,Footwear,60,South Dakota,Cyan,Fall
3779,3780,60,Female,Jeans,Clothing,75,California,Lavender,Spring
3780,3781,54,Female,Sneakers,Footwear,57,Mississippi,Yellow,Fall
3781,3782,52,Female,Boots,Footwear,99,Tennessee,Pink,Winter
3782,3783,40,Female,Jacket,Outerwear,45,Alabama,Orange,Spring
3783,3784,39,Female,Gloves,Accessories,66,Maine,Orange,Summer
3784,3785,54,Female,Socks,Clothing,53,Virginia,Violet,Winter
3785,3786,64,Female,Jeans,Clothing,94,New Hampshire,Lavender,Winter
3786,3787,31,Female,Boots,Footwear,47,Tennessee,Yellow,Fall
3787,3788,37,Female,Blouse,Clothing,80,New York,Pink,Fall
3788,3789,43,Female,Hat,Accessories,65,Kansas,Teal,Spring
3789,3790,56,Female,Shirt,Clothing,75,North Dakota,Magenta,Summer
3790,3791,27,Female,Handbag,Accessories,45,Alaska,Beige,Summer
3791,3792,40,Female,Sunglasses,Accessories,51,Texas,Gray,Spring
3792,3793,43,Female,Scarf,Accessories,58,Massachusetts,Turquoise,Summer
3793,3794,62,Female,Sunglasses,Accessories,20,Delaware,Pink,Fall
3794,3795,44,Female,Scarf,Accessories,82,South Dakota,Violet,Summer
3795,3796,45,Female,Gloves,Accessories,92,Arkansas,Charcoal,Spring
3796,3797,40,Female,Shorts,Clothing,81,Utah,Lavender,Fall
3797,3798,68,Female,Sunglasses,Accessories,44,California,Gray,Summer
3798,3799,63,Female,Jewelry,Accessories,72,Rhode Island,Brown,Winter
3799,3800,60,Female,Jacket,Outerwear,26,Oklahoma,Violet,Winter
3800,3801,19,Female,Sweater,Clothing,26,Vermont,Turquoise,Fall
3801,3802,26,Female,Blouse,Clothing,84,Kentucky,Peach,Spring
3802,3803,70,Female,Scarf,Accessories,72,Illinois,Turquoise,Spring
3803,3804,48,Female,Handbag,Accessories,55,Connecticut,Violet,Spring
3804,3805,37,Female,Hat,Accessories,77,Florida,Olive,Fall
3805,3806,48,Female,Scarf,Accessories,57,New Jersey,Green,Fall
3806,3807,18,Female,Boots,Footwear,71,Missouri,Teal,Spring
3807,3808,38,Female,Blouse,Clothing,39,Michigan,Peach,Spring
3808,3809,33,Female,Socks,Clothing,28,Washington,Pink,Winter
3809,3810,57,Female,Shoes,Footwear,33,New York,Maroon,Winter
3810,3811,46,Female,Skirt,Clothing,79,Wisconsin,Peach,Fall
3811,3812,46,Female,Belt,Accessories,30,Idaho,Maroon,Winter
3812,3813,50,Female,Skirt,Clothing,75,Michigan,Pink,Spring
3813,3814,61,Female,Pants,Clothing,89,Georgia,Orange,Summer
3814,3815,45,Female,Dress,Clothing,95,Michigan,Orange,Winter
3815,3816,32,Female,Hat,Accessories,44,Maine,Brown,Fall
3816,3817,29,Female,Coat,Outerwear,86,Maryland,Silver,Summer
3817,3818,66,Female,Scarf,Accessories,91,Missouri,Magenta,Fall
3818,3819,70,Female,Sneakers,Footwear,41,Oregon,Indigo,Winter
3819,3820,36,Female,Pants,Clothing,99,Arkansas,Gold,Spring
3820,3821,34,Female,Belt,Accessories,65,New Hampshire,Purple,Winter
3821,3822,20,Female,Sneakers,Footwear,48,Oregon,Gold,Summer
3822,3823,70,Female,Hat,Accessories,41,Kansas,Gold,Spring
3823,3824,50,Female,Shirt,Clothing,42,California,Gold,Summer
3824,3825,54,Female,Shorts,Clothing,26,Georgia,Olive,Summer
3825,3826,49,Female,Shorts,Clothing,35,Hawaii,Green,Fall
3826,3827,50,Female,Jacket,Outerwear,31,Montana,Gray,Summer
3827,3828,62,Female,Jewelry,Accessories,73,Montana,Red,Summer
3828,3829,42,Female,Blouse,Clothing,82,Mississippi,Charcoal,Spring
3829,3830,69,Female,Pants,Clothing,32,Washington,Indigo,Spring
3830,3831,22,Female,Hat,Accessories,27,Pennsylvania,Indigo,Summer
3831,3832,36,Female,Backpack,Accessories,86,Nevada,Silver,Spring
3832,3833,64,Female,Boots,Footwear,38,Kansas,Purple,Winter
3833,3834,44,Female,Jacket,Outerwear,93,Arizona,Gray,Summer
3834,3835,43,Female,Hoodie,Clothing,59,Tennessee,Magenta,Winter
3835,3836,58,Female,Sandals,Footwear,58,Pennsylvania,Silver,Winter
3836,3837,62,Female,Skirt,Clothing,84,Alaska,Violet,Spring
3837,3838,45,Female,Hoodie,Clothing,100,New Mexico,Green,Spring
3838,3839,47,Female,Dress,Clothing,25,Rhode Island,Green,Summer
3839,3840,66,Female,Sandals,Footwear,29,Connecticut,Peach,Spring
3840,3841,30,Female,Jeans,Clothing,42,Idaho,Turquoise,Spring
3841,3842,68,Female,Jeans,Clothing,57,Mississippi,Pink,Fall
3842,3843,35,Female,Jacket,Outerwear,84,Colorado,Lavender,Winter
3843,3844,64,Female,Hat,Accessories,71,Georgia,Silver,Winter
3844,3845,30,Female,Shorts,Clothing,87,Montana,Cyan,Fall
3845,3846,58,Female,Sweater,Clothing,52,California,Green,Winter
3846,3847,57,Female,Blouse,Clothing,58,Pennsylvania,Orange,Summer
3847,3848,60,Female,Sweater,Clothing,34,Delaware,Blue,Fall
3848,3849,22,Female,Jewelry,Accessories,60,New Hampshire,Magenta,Winter
3849,3850,46,Female,Hoodie,Clothing,68,Florida,Cyan,Winter
3850,3851,27,Female,Jewelry,Accessories,74,Mississippi,Indigo,Summer
3851,3852,50,Female,Scarf,Accessories,83,Montana,Pink,Summer
3852,3853,65,Female,Hat,Accessories,79,Mississippi,Peach,Fall
3853,3854,61,Female,Sunglasses,Accessories,76,Tennessee,Lavender,Fall
3854,3855,57,Female,T-shirt,Clothing,20,Florida,Black,Spring
3855,3856,40,Female,Shirt,Clothing,61,Illinois,Lavender,Summer
3856,3857,39,Female,Sandals,Footwear,78,Virginia,Brown,Summer
3857,3858,42,Female,Hat,Accessories,21,Texas,Yellow,Summer
3858,3859,30,Female,T-shirt,Clothing,77,Missouri,Olive,Winter
3859,3860,65,Female,Shorts,Clothing,88,Mississippi,Blue,Fall
3860,3861,57,Female,Sunglasses,Accessories,64,Pennsylvania,Turquoise,Summer
3861,3862,64,Female,Jacket,Outerwear,57,Wyoming,Yellow,Spring
3862,3863,56,Female,Shirt,Clothing,49,Idaho,Turquoise,Winter
3863,3864,40,Female,Scarf,Accessories,35,New Hampshire,Orange,Summer
3864,3865,55,Female,T-shirt,Clothing,99,Wyoming,Blue,Winter
3865,3866,25,Female,Shorts,Clothing,42,Nebraska,Olive,Spring
3866,3867,58,Female,Hat,Accessories,32,Alaska,Beige,Winter
3867,3868,46,Female,Jacket,Outerwear,21,Maryland,Lavender,Summer
3868,3869,18,Female,Dress,Clothing,29,Maryland,Magenta,Winter
3869,3870,26,Female,Coat,Outerwear,64,Arizona,Cyan,Spring
3870,3871,61,Female,Sandals,Footwear,46,Ohio,Lavender,Fall
3871,3872,55,Female,T-shirt,Clothing,97,Minnesota,Black,Fall
3872,3873,41,Female,Jacket,Outerwear,94,New Hampshire,Green,Spring
3873,3874,42,Female,Sandals,Footwear,43,Louisiana,Silver,Summer
3874,3875,70,Female,Sweater,Clothing,54,Nevada,Beige,Summer
3875,3876,63,Female,Hat,Accessories,51,New Hampshire,Pink,Winter
3876,3877,60,Female,Shoes,Footwear,85,Wisconsin,Cyan,Fall
3877,3878,28,Female,Hoodie,Clothing,96,Nevada,Olive,Spring
3878,3879,60,Female,Hat,Accessories,42,South Carolina,Pink,Summer
3879,3880,26,Female,Skirt,Clothing,63,Florida,Maroon,Winter
3880,3881,42,Female,Shirt,Clothing,20,Massachusetts,Red,Winter
3881,3882,56,Female,Scarf,Accessories,25,Georgia,Silver,Spring
3882,3883,35,Female,Pants,Clothing,95,North Dakota,Blue,Fall
3883,3884,34,Female,Hat,Accessories,38,North Dakota,Purple,Fall
3884,3885,47,Female,Sandals,Footwear,29,Maryland,Brown,Fall
3885,3886,49,Female,Socks,Clothing,64,New Mexico,Purple,Winter
3886,3887,37,Female,Jewelry,Accessories,92,Iowa,Brown,Summer
3887,3888,40,Female,Shirt,Clothing,34,Kansas,Charcoal,Spring
3888,3889,45,Female,Sneakers,Footwear,69,Virginia,Violet,Spring
3889,3890,57,Female,Dress,Clothing,65,Alaska,Yellow,Spring
3890,3891,35,Female,Shirt,Clothing,81,Nebraska,Green,Winter
3891,3892,36,Female,Dress,Clothing,30,Colorado,Peach,Winter
3892,3893,35,Female,Jewelry,Accessories,86,Michigan,Indigo,Summer
3893,3894,21,Female,Hat,Accessories,64,Massachusetts,White,Fall
3894,3895,66,Female,Skirt,Clothing,78,Connecticut,White,Spring
3895,3896,40,Female,Hoodie,Clothing,28,Virginia,Turquoise,Summer
3896,3897,52,Female,Backpack,Accessories,49,Iowa,White,Spring
3897,3898,46,Female,Belt,Accessories,33,New Jersey,Green,Spring
3898,3899,44,Female,Shoes,Footwear,77,Minnesota,Brown,Summer
3899,3900,52,Female,Handbag,Accessories,81,California,Beige,Spring
